date,market,team,leads,customers,revenue,marketing_spend,labor_cost,supplier_cost
2026-01-01,Dallas-Fort Worth,Sales,53,9,10619.67,2115.89,3523.45,1451.32
2026-01-01,Dallas-Fort Worth,Operations,58,6,6965.68,1852.15,5139.38,2781.78
2026-01-01,Dallas-Fort Worth,Marketing,87,10,10671.02,2743.4,3747.81,2855.54
2026-01-01,Austin,Sales,55,9,11661.48,1145.9,3412.63,2445.18
2026-01-01,Austin,Operations,65,7,8874.52,1911.7,5469.4,1643.39
2026-01-01,Austin,Marketing,86,5,3642.05,2926.9,3050.51,2638.01
2026-01-01,College Station,Sales,62,8,10820.2,1349.01,3548.25,2053.05
2026-01-01,College Station,Operations,56,8,10519.32,1957.45,5389.97,2439.25
2026-01-01,College Station,Marketing,72,6,6692.43,3424.7,3449.93,3367.88
2026-01-01,Oklahoma City,Sales,45,6,8029.95,2439.83,3903.42,2617.91
2026-01-01,Oklahoma City,Operations,72,8,7550.94,1560.57,5571.74,1478.16
2026-01-01,Oklahoma City,Marketing,80,10,11431.93,3525.63,3948.47,3360.7
2026-01-02,Dallas-Fort Worth,Sales,62,9,9889.89,1425.79,4171.36,1916.58
2026-01-02,Dallas-Fort Worth,Operations,54,7,7488.44,1667.85,3895.23,1658.76
2026-01-02,Dallas-Fort Worth,Marketing,73,9,12733.46,3191.69,3756.82,2283.98
2026-01-02,Austin,Sales,68,14,17489.71,1345.08,4142.03,2390.52
2026-01-02,Austin,Operations,69,8,12412.47,1638.51,5955.84,2257.56
2026-01-02,Austin,Marketing,73,5,5864.07,3840.49,4089.82,2544.44
2026-01-02,College Station,Sales,26,5,6500.27,1552.53,3223.57,2198.84
2026-01-02,College Station,Operations,75,6,6737.97,2412.8,4732.31,2017.87
2026-01-02,College Station,Marketing,81,6,7437.54,2655.67,4131.12,2201.59
2026-01-02,Oklahoma City,Sales,82,15,21687.36,1213.53,3526.72,2361.57
2026-01-02,Oklahoma City,Operations,75,4,5513.25,2066.11,5920.13,2556.19
2026-01-02,Oklahoma City,Marketing,80,8,7802.62,3287.94,3484.98,3210.13
2026-01-03,Dallas-Fort Worth,Sales,47,8,7340.64,1622.04,3756.69,2611.98
2026-01-03,Dallas-Fort Worth,Operations,72,8,7991.17,2006.03,5310.19,2445.83
2026-01-03,Dallas-Fort Worth,Marketing,71,11,13374.03,3514.92,4364.44,2504.64
2026-01-03,Austin,Sales,58,14,17414.13,1666.82,3667.18,2941.38
2026-01-03,Austin,Operations,56,7,9906.62,1569.21,3964.06,2349.71
2026-01-03,Austin,Marketing,82,8,10854.36,3473.41,3003.0,2459.11
2026-01-03,College Station,Sales,52,6,7689.19,1779.65,3152.83,2461.47
2026-01-03,College Station,Operations,60,5,6360.32,2256.78,4572.4,2390.45
2026-01-03,College Station,Marketing,80,15,12971.78,3512.88,3416.25,2149.9
2026-01-03,Oklahoma City,Sales,77,13,20843.81,1601.03,3810.31,1954.58
2026-01-03,Oklahoma City,Operations,46,5,5745.69,1891.12,3736.98,3201.23
2026-01-03,Oklahoma City,Marketing,77,13,13243.36,3331.64,5498.97,1765.14
2026-01-04,Dallas-Fort Worth,Sales,37,5,6425.24,2112.0,4374.22,2071.49
2026-01-04,Dallas-Fort Worth,Operations,35,3,4269.72,2009.55,3825.84,2182.47
2026-01-04,Dallas-Fort Worth,Marketing,96,18,23419.86,3339.19,2855.88,1778.38
2026-01-04,Austin,Sales,55,10,13044.33,1584.81,2908.83,1811.11
2026-01-04,Austin,Operations,41,5,3918.95,1650.02,5269.93,2961.01
2026-01-04,Austin,Marketing,80,12,13538.15,2865.02,3195.36,2963.67
2026-01-04,College Station,Sales,66,13,23392.83,1785.45,3972.21,2353.8
2026-01-04,College Station,Operations,52,10,14711.89,1170.23,4760.09,2414.17
2026-01-04,College Station,Marketing,89,6,4763.99,2342.13,3557.33,2148.4
2026-01-04,Oklahoma City,Sales,59,9,8816.73,889.63,3797.51,2385.03
2026-01-04,Oklahoma City,Operations,66,9,10491.04,2407.17,4918.18,1869.58
2026-01-04,Oklahoma City,Marketing,73,7,5671.17,3270.35,3749.93,2018.87
2026-01-05,Dallas-Fort Worth,Sales,46,8,12072.29,1817.21,3295.42,1904.28
2026-01-05,Dallas-Fort Worth,Operations,54,4,4709.81,1827.53,6106.81,2671.74
2026-01-05,Dallas-Fort Worth,Marketing,92,8,10564.69,2687.28,3787.18,2409.37
2026-01-05,Austin,Sales,45,11,14323.4,943.77,3931.72,1996.29
2026-01-05,Austin,Operations,55,7,8892.07,882.38,4305.01,2586.31
2026-01-05,Austin,Marketing,95,17,25917.69,2275.01,4061.69,1241.85
2026-01-05,College Station,Sales,74,13,12929.67,2704.46,3986.38,1254.43
2026-01-05,College Station,Operations,58,5,6100.17,1590.66,5824.1,1488.36
2026-01-05,College Station,Marketing,83,15,15767.21,3294.79,3721.2,1855.15
2026-01-05,Oklahoma City,Sales,62,11,11331.34,2592.91,4074.97,2116.45
2026-01-05,Oklahoma City,Operations,47,4,5686.28,1734.08,5275.66,2107.77
2026-01-05,Oklahoma City,Marketing,87,10,13374.94,3117.56,4097.75,2536.19
2026-01-06,Dallas-Fort Worth,Sales,53,7,7215.45,1466.67,3009.31,2632.9
2026-01-06,Dallas-Fort Worth,Operations,54,9,14492.51,1810.9,4071.19,2009.27
2026-01-06,Dallas-Fort Worth,Marketing,79,5,5774.56,3329.13,3324.34,1815.79
2026-01-06,Austin,Sales,45,10,11712.64,1426.53,3376.26,2677.17
2026-01-06,Austin,Operations,46,6,7986.12,2137.1,5839.82,1924.76
2026-01-06,Austin,Marketing,93,8,9028.98,3738.24,4093.43,2201.05
2026-01-06,College Station,Sales,40,7,7605.73,1384.25,3211.12,2323.25
2026-01-06,College Station,Operations,29,3,3693.91,1536.96,5622.16,2505.72
2026-01-06,College Station,Marketing,72,6,7950.76,2517.77,3400.43,1884.48
2026-01-06,Oklahoma City,Sales,55,10,12066.22,2310.68,3736.84,2042.5
2026-01-06,Oklahoma City,Operations,40,5,6475.33,2452.86,4551.53,2213.21
2026-01-06,Oklahoma City,Marketing,79,9,10816.83,2428.46,4094.99,2526.6
2026-01-07,Dallas-Fort Worth,Sales,68,17,19423.96,1783.74,3605.87,3171.09
2026-01-07,Dallas-Fort Worth,Operations,34,4,3741.0,638.29,3787.5,1509.12
2026-01-07,Dallas-Fort Worth,Marketing,92,8,9272.46,2676.42,3966.57,1649.02
2026-01-07,Austin,Sales,70,10,5842.82,1855.23,3614.83,2912.35
2026-01-07,Austin,Operations,56,4,4396.56,1542.25,5435.03,2391.9
2026-01-07,Austin,Marketing,78,11,12153.58,3138.69,3708.46,2964.09
2026-01-07,College Station,Sales,53,8,8093.99,2108.72,3247.41,2371.84
2026-01-07,College Station,Operations,32,5,4801.26,1450.2,5635.15,1532.76
2026-01-07,College Station,Marketing,79,9,9182.34,3804.32,4499.27,1214.19
2026-01-07,Oklahoma City,Sales,37,7,6758.19,1625.11,3677.73,2545.93
2026-01-07,Oklahoma City,Operations,52,6,6361.13,2381.56,4702.81,2369.87
2026-01-07,Oklahoma City,Marketing,73,9,10527.58,3126.89,2991.73,2598.21
2026-01-08,Dallas-Fort Worth,Sales,71,13,17313.66,2177.13,4156.79,2351.68
2026-01-08,Dallas-Fort Worth,Operations,57,8,9699.12,1361.74,5014.31,1255.79
2026-01-08,Dallas-Fort Worth,Marketing,79,10,14224.77,3268.07,4156.88,2199.73
2026-01-08,Austin,Sales,42,5,5127.24,1185.23,3980.22,2096.19
2026-01-08,Austin,Operations,61,7,9715.5,2277.09,4612.8,2062.84
2026-01-08,Austin,Marketing,73,4,5286.16,3734.96,3596.14,1953.4
2026-01-08,College Station,Sales,68,6,7391.67,1864.48,3257.49,2895.79
2026-01-08,College Station,Operations,66,7,8290.76,1625.39,4692.73,1545.9
2026-01-08,College Station,Marketing,96,14,18811.38,2707.55,4848.51,3190.08
2026-01-08,Oklahoma City,Sales,57,8,8352.34,1988.35,3052.19,2182.89
2026-01-08,Oklahoma City,Operations,68,4,6244.12,2505.02,4257.75,1493.18
2026-01-08,Oklahoma City,Marketing,76,6,6915.18,2038.47,3462.78,3101.43
2026-01-09,Dallas-Fort Worth,Sales,41,6,5591.22,2087.21,3464.81,3170.37
2026-01-09,Dallas-Fort Worth,Operations,57,6,7794.29,1572.2,4196.42,2350.97
2026-01-09,Dallas-Fort Worth,Marketing,77,9,11408.24,2970.36,3852.95,3068.85
2026-01-09,Austin,Sales,41,9,10406.66,1455.02,5056.33,2277.51
2026-01-09,Austin,Operations,71,10,8974.93,1854.37,4684.81,1529.1
2026-01-09,Austin,Marketing,58,7,9143.72,3375.8,3416.5,1800.74
2026-01-09,College Station,Sales,43,6,6084.3,1708.53,3586.27,1752.01
2026-01-09,College Station,Operations,52,4,4796.78,2028.19,5106.88,2436.08
2026-01-09,College Station,Marketing,60,6,7498.88,3488.52,2641.2,2279.59
2026-01-09,Oklahoma City,Sales,69,11,13012.38,2002.71,3748.27,2537.32
2026-01-09,Oklahoma City,Operations,55,6,6354.96,1723.3,5751.87,2097.92
2026-01-09,Oklahoma City,Marketing,77,7,9391.85,2815.39,4146.3,1731.51
2026-01-10,Dallas-Fort Worth,Sales,42,7,8564.03,1933.9,4237.52,1993.75
2026-01-10,Dallas-Fort Worth,Operations,60,5,7133.25,2084.61,5321.91,2293.94
2026-01-10,Dallas-Fort Worth,Marketing,70,7,9032.24,3191.37,3674.25,1520.09
2026-01-10,Austin,Sales,57,8,8040.0,1730.39,2486.1,2549.28
2026-01-10,Austin,Operations,65,7,7147.83,1374.58,4909.33,988.13
2026-01-10,Austin,Marketing,82,11,12582.45,2977.52,3709.18,2375.32
2026-01-10,College Station,Sales,68,12,12910.12,1592.43,3709.17,2978.1
2026-01-10,College Station,Operations,51,4,4173.52,856.65,5197.88,1519.34
2026-01-10,College Station,Marketing,65,3,2996.29,3455.79,2813.19,1325.18
2026-01-10,Oklahoma City,Sales,57,9,11500.15,2133.25,3594.9,1551.12
2026-01-10,Oklahoma City,Operations,53,7,7665.43,1153.14,5661.57,1992.38
2026-01-10,Oklahoma City,Marketing,75,9,12469.37,3318.63,3400.06,2541.07
2026-01-11,Dallas-Fort Worth,Sales,80,18,23780.1,1294.97,5851.24,1600.67
2026-01-11,Dallas-Fort Worth,Operations,50,4,5971.36,1989.11,4143.73,2333.79
2026-01-11,Dallas-Fort Worth,Marketing,86,9,8823.29,2873.73,3337.89,2211.37
2026-01-11,Austin,Sales,48,9,9261.09,1020.88,3156.36,2874.45
2026-01-11,Austin,Operations,48,9,11596.2,1276.01,4499.43,2321.69
2026-01-11,Austin,Marketing,65,13,13281.32,3506.42,4476.08,2145.4
2026-01-11,College Station,Sales,43,7,8856.39,2194.09,3634.03,1499.89
2026-01-11,College Station,Operations,55,5,4035.09,1486.1,4140.53,2493.43
2026-01-11,College Station,Marketing,103,19,20839.63,2989.67,4013.27,2730.64
2026-01-11,Oklahoma City,Sales,49,8,12777.98,1751.65,3308.81,2259.96
2026-01-11,Oklahoma City,Operations,61,5,5776.44,1275.14,4833.04,3138.46
2026-01-11,Oklahoma City,Marketing,88,10,10320.4,3059.87,4230.44,1919.16
2026-01-12,Dallas-Fort Worth,Sales,72,9,10330.13,2584.24,2395.3,2794.21
2026-01-12,Dallas-Fort Worth,Operations,32,3,3506.83,2170.93,3107.27,1241.1
2026-01-12,Dallas-Fort Worth,Marketing,73,8,8313.77,3100.61,2888.3,1999.36
2026-01-12,Austin,Sales,44,8,10437.24,2444.82,3206.15,2041.0
2026-01-12,Austin,Operations,55,6,7143.85,1097.02,5223.05,1742.4
2026-01-12,Austin,Marketing,68,4,5635.92,3136.73,4289.7,2336.15
2026-01-12,College Station,Sales,34,4,5345.71,1455.44,2945.79,2110.31
2026-01-12,College Station,Operations,52,4,4565.18,1584.68,3446.01,2451.33
2026-01-12,College Station,Marketing,70,11,10922.75,2489.18,4312.57,1407.47
2026-01-12,Oklahoma City,Sales,47,9,10265.97,1055.04,3712.82,2102.84
2026-01-12,Oklahoma City,Operations,70,9,15717.86,1059.35,4987.0,1666.67
2026-01-12,Oklahoma City,Marketing,93,13,17364.45,2850.2,3152.91,1185.16
2026-01-13,Dallas-Fort Worth,Sales,75,14,16142.63,2220.08,4050.55,2687.63
2026-01-13,Dallas-Fort Worth,Operations,35,3,3705.54,1959.94,5574.34,1695.68
2026-01-13,Dallas-Fort Worth,Marketing,81,15,19868.19,3591.75,3588.49,2583.81
2026-01-13,Austin,Sales,76,13,18464.11,1406.19,3954.06,2652.11
2026-01-13,Austin,Operations,45,7,7549.19,1437.64,4999.28,3165.99
2026-01-13,Austin,Marketing,83,12,12819.32,3234.87,2894.07,1914.45
2026-01-13,College Station,Sales,65,11,16073.57,1708.91,3481.24,2838.34
2026-01-13,College Station,Operations,47,3,4302.69,1986.38,3700.88,2222.26
2026-01-13,College Station,Marketing,75,13,13894.16,2938.65,3053.76,1672.97
2026-01-13,Oklahoma City,Sales,46,5,5071.92,1077.04,2701.63,1420.16
2026-01-13,Oklahoma City,Operations,48,4,3916.94,2015.22,4971.15,1984.01
2026-01-13,Oklahoma City,Marketing,74,13,16161.17,3413.92,2048.38,1873.13
2026-01-14,Dallas-Fort Worth,Sales,28,4,5068.78,1496.57,3911.17,1688.63
2026-01-14,Dallas-Fort Worth,Operations,61,4,4611.58,1988.91,5321.55,2136.37
2026-01-14,Dallas-Fort Worth,Marketing,103,10,11188.21,1958.22,4661.36,2015.5
2026-01-14,Austin,Sales,40,9,12801.52,1848.75,2739.05,2409.49
2026-01-14,Austin,Operations,47,3,4163.42,840.33,5340.3,2429.68
2026-01-14,Austin,Marketing,104,13,10783.27,2823.75,3638.8,2377.78
2026-01-14,College Station,Sales,66,7,7984.26,2236.44,4526.38,3130.51
2026-01-14,College Station,Operations,50,7,10556.76,2339.13,5434.21,2613.9
2026-01-14,College Station,Marketing,70,4,5507.65,3043.82,3583.12,1910.64
2026-01-14,Oklahoma City,Sales,50,9,9144.59,1830.83,3747.63,2161.32
2026-01-14,Oklahoma City,Operations,46,6,9222.45,1529.44,5740.68,2644.63
2026-01-14,Oklahoma City,Marketing,48,4,4342.19,3551.8,3713.09,2437.2
2026-01-15,Dallas-Fort Worth,Sales,62,9,9590.59,1249.7,3497.84,2140.45
2026-01-15,Dallas-Fort Worth,Operations,57,5,6815.87,2212.7,5927.91,2555.65
2026-01-15,Dallas-Fort Worth,Marketing,82,11,14407.31,2906.68,4373.63,3059.26
2026-01-15,Austin,Sales,78,14,17617.16,1987.36,3598.47,2509.64
2026-01-15,Austin,Operations,53,6,9099.7,1874.12,5040.21,2641.01
2026-01-15,Austin,Marketing,81,10,11885.58,2650.81,3581.42,1631.56
2026-01-15,College Station,Sales,57,7,9555.05,2137.16,3768.26,2149.93
2026-01-15,College Station,Operations,59,3,3007.72,1733.07,5207.16,2160.3
2026-01-15,College Station,Marketing,67,8,8946.67,2719.13,3797.7,2095.01
2026-01-15,Oklahoma City,Sales,69,14,18651.37,1944.75,3092.89,1732.19
2026-01-15,Oklahoma City,Operations,37,8,8045.6,1705.58,4783.77,2059.45
2026-01-15,Oklahoma City,Marketing,72,3,3060.98,4633.56,3523.93,1857.9
2026-01-16,Dallas-Fort Worth,Sales,46,8,8760.79,2219.44,3368.29,2312.58
2026-01-16,Dallas-Fort Worth,Operations,39,5,5635.33,1983.94,5198.0,2113.28
2026-01-16,Dallas-Fort Worth,Marketing,82,8,11538.4,3620.43,3889.5,1609.93
2026-01-16,Austin,Sales,41,6,6935.4,2001.61,3062.08,2788.54
2026-01-16,Austin,Operations,55,2,2228.89,636.67,4548.96,1925.44
2026-01-16,Austin,Marketing,72,7,7903.43,2932.82,4501.5,2807.45
2026-01-16,College Station,Sales,41,9,8173.38,1433.42,4515.12,1080.22
2026-01-16,College Station,Operations,61,4,4696.32,1718.91,6018.32,1794.7
2026-01-16,College Station,Marketing,79,11,12701.48,2830.07,3564.48,2246.76
2026-01-16,Oklahoma City,Sales,65,9,10072.41,1945.32,3499.7,2107.36
2026-01-16,Oklahoma City,Operations,54,5,5280.28,1998.33,4342.94,2782.69
2026-01-16,Oklahoma City,Marketing,82,6,7505.67,3275.28,4057.3,2779.42
2026-01-17,Dallas-Fort Worth,Sales,50,7,7636.46,1358.51,3152.14,2342.25
2026-01-17,Dallas-Fort Worth,Operations,55,5,5335.57,1956.55,4699.04,1679.92
2026-01-17,Dallas-Fort Worth,Marketing,78,8,8059.14,3572.23,4107.61,2220.45
2026-01-17,Austin,Sales,56,11,13138.77,2201.08,4593.61,2240.25
2026-01-17,Austin,Operations,60,9,10252.37,1292.26,5543.6,1415.62
2026-01-17,Austin,Marketing,101,15,18506.77,3222.99,4650.81,1726.89
2026-01-17,College Station,Sales,41,6,6917.26,1347.09,3692.32,2267.97
2026-01-17,College Station,Operations,45,7,6645.99,1225.47,5225.67,2096.26
2026-01-17,College Station,Marketing,85,8,8111.99,2909.51,3189.84,2462.5
2026-01-17,Oklahoma City,Sales,49,10,13058.54,2268.27,4140.43,2592.18
2026-01-17,Oklahoma City,Operations,64,6,6917.17,976.44,5175.05,1863.12
2026-01-17,Oklahoma City,Marketing,84,11,10522.85,2743.77,3390.39,1941.2
2026-01-18,Dallas-Fort Worth,Sales,57,7,8459.44,1040.18,2306.93,2558.33
2026-01-18,Dallas-Fort Worth,Operations,39,3,2834.62,1166.01,4760.69,1994.94
2026-01-18,Dallas-Fort Worth,Marketing,91,12,13835.98,3540.96,4269.93,2405.65
2026-01-18,Austin,Sales,50,10,15183.34,2097.24,4662.41,2663.3
2026-01-18,Austin,Operations,65,5,4997.81,1777.73,3998.33,1903.52
2026-01-18,Austin,Marketing,90,8,10367.8,2591.94,3303.82,2711.72
2026-01-18,College Station,Sales,57,10,15068.5,2383.56,3073.89,2858.95
2026-01-18,College Station,Operations,47,5,6013.69,2282.87,4322.44,2425.93
2026-01-18,College Station,Marketing,86,12,13945.57,3651.54,3173.07,2773.53
2026-01-18,Oklahoma City,Sales,59,7,8913.98,1880.69,3386.61,1831.87
2026-01-18,Oklahoma City,Operations,52,3,4512.99,1292.27,4603.23,2772.45
2026-01-18,Oklahoma City,Marketing,87,12,17676.09,3059.54,2972.1,2622.13
2026-01-19,Dallas-Fort Worth,Sales,64,10,9721.96,2357.62,3945.51,1513.26
2026-01-19,Dallas-Fort Worth,Operations,64,4,4452.51,1294.51,4617.3,1783.34
2026-01-19,Dallas-Fort Worth,Marketing,72,10,12530.26,3482.93,4255.41,2013.65
2026-01-19,Austin,Sales,55,10,15072.13,2204.59,4428.93,2709.48
2026-01-19,Austin,Operations,67,3,4075.66,1895.82,5032.53,1936.37
2026-01-19,Austin,Marketing,74,9,12160.76,2526.0,3730.86,1919.66
2026-01-19,College Station,Sales,43,8,9126.65,1503.43,3138.5,2340.65
2026-01-19,College Station,Operations,54,4,4194.48,1717.87,5243.09,1675.14
2026-01-19,College Station,Marketing,85,7,11836.96,2776.55,3125.92,2297.0
2026-01-19,Oklahoma City,Sales,44,9,13718.29,1625.57,3703.66,1941.12
2026-01-19,Oklahoma City,Operations,54,9,12248.68,1393.1,5927.54,2781.03
2026-01-19,Oklahoma City,Marketing,85,8,9694.62,2842.04,3880.56,2041.76
2026-01-20,Dallas-Fort Worth,Sales,28,5,6172.31,2285.32,3518.29,2294.23
2026-01-20,Dallas-Fort Worth,Operations,68,9,11266.56,3246.48,4898.6,2284.59
2026-01-20,Dallas-Fort Worth,Marketing,100,9,9113.58,2555.57,3920.2,2512.82
2026-01-20,Austin,Sales,63,8,11048.44,2338.77,3541.61,2216.28
2026-01-20,Austin,Operations,63,8,10524.44,1311.26,4895.23,1593.76
2026-01-20,Austin,Marketing,87,12,14186.56,3333.56,2666.09,2628.96
2026-01-20,College Station,Sales,49,9,12606.9,1459.57,4318.34,2262.04
2026-01-20,College Station,Operations,55,7,6828.75,2067.35,5036.91,2718.14
2026-01-20,College Station,Marketing,77,8,10132.28,3173.28,2895.62,2103.02
2026-01-20,Oklahoma City,Sales,70,12,12519.81,2122.17,2487.93,1139.87
2026-01-20,Oklahoma City,Operations,54,6,7438.03,1398.25,4909.7,1500.63
2026-01-20,Oklahoma City,Marketing,82,5,5865.68,3317.71,2546.02,1938.75
2026-01-21,Dallas-Fort Worth,Sales,64,14,13010.02,1952.96,2858.43,1527.37
2026-01-21,Dallas-Fort Worth,Operations,74,10,10552.45,1898.56,5385.17,2290.65
2026-01-21,Dallas-Fort Worth,Marketing,106,14,9257.69,3069.41,3158.05,2097.93
2026-01-21,Austin,Sales,55,8,4420.75,2413.53,3958.41,1864.63
2026-01-21,Austin,Operations,63,9,12853.04,1325.11,5467.93,1896.11
2026-01-21,Austin,Marketing,93,10,7910.8,3215.91,2529.5,2091.43
2026-01-21,College Station,Sales,54,8,7458.84,1297.92,3093.25,2075.95
2026-01-21,College Station,Operations,70,10,11150.05,2373.24,4179.16,2542.51
2026-01-21,College Station,Marketing,77,9,11834.31,2894.19,4080.69,2195.35
2026-01-21,Oklahoma City,Sales,83,14,19998.32,2091.19,2895.52,2880.31
2026-01-21,Oklahoma City,Operations,42,1,1353.6,2281.03,5031.22,2069.49
2026-01-21,Oklahoma City,Marketing,99,14,15147.22,3529.19,2854.03,1920.52
2026-01-22,Dallas-Fort Worth,Sales,42,4,3952.35,2350.05,2941.31,1924.98
2026-01-22,Dallas-Fort Worth,Operations,41,6,7201.29,2020.84,4936.59,1614.49
2026-01-22,Dallas-Fort Worth,Marketing,68,10,11896.67,3548.48,1702.44,2755.05
2026-01-22,Austin,Sales,49,12,13296.77,1812.72,3996.23,1762.1
2026-01-22,Austin,Operations,65,6,8592.23,2156.94,5297.38,1837.9
2026-01-22,Austin,Marketing,77,10,8339.98,2951.71,4162.84,1565.91
2026-01-22,College Station,Sales,70,11,13840.05,1283.55,3890.63,2431.36
2026-01-22,College Station,Operations,68,11,15681.98,1894.01,4264.3,2861.88
2026-01-22,College Station,Marketing,64,6,7996.08,3399.6,4555.84,2197.97
2026-01-22,Oklahoma City,Sales,34,5,6156.65,1642.23,4447.47,2076.19
2026-01-22,Oklahoma City,Operations,37,5,4967.08,2564.95,5162.06,1498.36
2026-01-22,Oklahoma City,Marketing,92,18,15106.86,3606.38,3890.42,2287.84
2026-01-23,Dallas-Fort Worth,Sales,59,11,11827.85,2434.95,2790.29,3179.28
2026-01-23,Dallas-Fort Worth,Operations,73,5,5995.14,2438.94,4705.4,2118.8
2026-01-23,Dallas-Fort Worth,Marketing,75,12,13087.41,3195.58,3924.13,2096.2
2026-01-23,Austin,Sales,44,5,4633.57,1269.09,2567.67,1836.56
2026-01-23,Austin,Operations,58,7,7358.44,1341.89,4403.97,1506.05
2026-01-23,Austin,Marketing,65,9,8524.53,3207.79,3229.17,3413.97
2026-01-23,College Station,Sales,33,6,6839.55,1452.99,3789.13,2277.79
2026-01-23,College Station,Operations,42,5,6350.25,2389.26,4634.02,2935.22
2026-01-23,College Station,Marketing,77,3,3882.47,3163.28,3070.59,2666.62
2026-01-23,Oklahoma City,Sales,49,10,11851.14,2137.64,4007.69,2436.58
2026-01-23,Oklahoma City,Operations,42,6,7223.5,2701.02,5287.2,2575.56
2026-01-23,Oklahoma City,Marketing,70,7,8521.86,2673.29,2897.83,2145.71
2026-01-24,Dallas-Fort Worth,Sales,54,10,14010.79,1619.85,4008.53,2127.68
2026-01-24,Dallas-Fort Worth,Operations,52,6,4966.85,1829.86,4617.05,1735.08
2026-01-24,Dallas-Fort Worth,Marketing,57,5,4310.31,3591.56,3456.42,1358.96
2026-01-24,Austin,Sales,46,9,9836.29,1673.45,3378.49,2135.86
2026-01-24,Austin,Operations,34,4,4398.17,3129.2,4872.19,1972.19
2026-01-24,Austin,Marketing,91,10,12456.02,2806.65,4533.14,1886.16
2026-01-24,College Station,Sales,59,12,13742.27,1799.93,3951.91,2541.34
2026-01-24,College Station,Operations,41,5,5149.17,1464.58,4610.97,2807.99
2026-01-24,College Station,Marketing,99,20,23796.42,2821.37,3018.31,3003.74
2026-01-24,Oklahoma City,Sales,36,6,6588.65,2587.5,2991.99,2750.83
2026-01-24,Oklahoma City,Operations,70,7,8986.52,1107.58,4947.08,2092.49
2026-01-24,Oklahoma City,Marketing,49,6,7583.58,2437.98,2752.63,1825.36
2026-01-25,Dallas-Fort Worth,Sales,48,8,8220.3,1346.46,3783.91,1962.38
2026-01-25,Dallas-Fort Worth,Operations,53,5,6411.48,1730.58,5516.92,2251.5
2026-01-25,Dallas-Fort Worth,Marketing,90,14,13119.6,3614.9,4669.69,1713.74
2026-01-25,Austin,Sales,54,9,11514.15,2034.0,3198.42,2856.28
2026-01-25,Austin,Operations,44,5,6921.23,2679.05,4692.41,2591.15
2026-01-25,Austin,Marketing,82,5,5140.33,2657.85,3298.01,1991.61
2026-01-25,College Station,Sales,55,12,15312.55,2993.88,3453.94,2594.63
2026-01-25,College Station,Operations,59,10,11318.31,2180.37,5977.44,1839.59
2026-01-25,College Station,Marketing,79,10,11217.4,2806.14,4699.64,2085.17
2026-01-25,Oklahoma City,Sales,75,12,13952.69,2158.71,3476.39,1750.57
2026-01-25,Oklahoma City,Operations,46,5,5400.5,1839.63,3645.63,1920.94
2026-01-25,Oklahoma City,Marketing,77,7,7148.08,2802.42,3642.31,2943.53
2026-01-26,Dallas-Fort Worth,Sales,38,6,8255.21,1950.51,3543.75,1974.64
2026-01-26,Dallas-Fort Worth,Operations,55,6,4838.62,1477.9,3830.25,2845.53
2026-01-26,Dallas-Fort Worth,Marketing,89,8,10759.02,4301.89,3226.15,2849.64
2026-01-26,Austin,Sales,59,10,10009.36,1549.83,3363.05,1042.11
2026-01-26,Austin,Operations,61,6,7695.98,1611.35,6798.96,1371.36
2026-01-26,Austin,Marketing,68,9,14620.72,2753.41,4697.53,1741.49
2026-01-26,College Station,Sales,70,12,19216.8,2601.89,3211.37,3667.85
2026-01-26,College Station,Operations,41,4,6101.69,1469.35,4615.19,2265.32
2026-01-26,College Station,Marketing,85,11,11723.52,3288.6,3982.46,2952.0
2026-01-26,Oklahoma City,Sales,58,7,8435.81,1520.73,4391.42,1362.29
2026-01-26,Oklahoma City,Operations,61,5,7144.85,2147.02,5131.6,2452.47
2026-01-26,Oklahoma City,Marketing,75,10,11910.67,3529.04,3635.15,959.4
2026-01-27,Dallas-Fort Worth,Sales,48,11,16076.03,1847.05,3524.38,2032.38
2026-01-27,Dallas-Fort Worth,Operations,62,8,8190.11,2097.74,5739.74,1722.57
2026-01-27,Dallas-Fort Worth,Marketing,77,10,13300.96,3010.76,3282.79,1968.06
2026-01-27,Austin,Sales,59,11,13161.55,1186.1,2946.01,2518.41
2026-01-27,Austin,Operations,40,5,5675.28,1529.0,5016.02,3038.18
2026-01-27,Austin,Marketing,83,9,8413.14,3430.51,4282.02,2503.69
2026-01-27,College Station,Sales,68,13,12550.34,1779.77,3914.92,2560.51
2026-01-27,College Station,Operations,49,5,6329.28,2372.08,5603.14,2523.16
2026-01-27,College Station,Marketing,84,7,7012.79,3158.67,4224.95,2397.68
2026-01-27,Oklahoma City,Sales,61,7,6558.32,2303.95,3579.22,1543.16
2026-01-27,Oklahoma City,Operations,65,8,13850.11,2362.5,5208.02,2124.45
2026-01-27,Oklahoma City,Marketing,82,9,8469.15,3617.38,3764.91,822.65
2026-01-28,Dallas-Fort Worth,Sales,47,7,9635.92,1780.18,4492.44,1404.24
2026-01-28,Dallas-Fort Worth,Operations,42,6,6492.36,1323.62,4684.0,1820.09
2026-01-28,Dallas-Fort Worth,Marketing,86,13,11886.61,3069.15,3608.55,2241.1
2026-01-28,Austin,Sales,64,11,12051.99,1299.65,2505.17,2014.44
2026-01-28,Austin,Operations,55,8,9056.01,2845.67,4954.11,1958.33
2026-01-28,Austin,Marketing,84,7,8663.22,2271.16,4005.66,2233.34
2026-01-28,College Station,Sales,57,10,9707.24,1395.62,4539.85,2447.3
2026-01-28,College Station,Operations,47,6,7640.33,2679.52,5666.21,2405.58
2026-01-28,College Station,Marketing,74,13,15362.38,2808.27,2867.85,1768.8
2026-01-28,Oklahoma City,Sales,50,10,13643.73,2317.98,3691.79,2615.75
2026-01-28,Oklahoma City,Operations,82,12,17862.23,1120.21,4554.92,1824.44
2026-01-28,Oklahoma City,Marketing,47,5,7253.2,2959.11,3717.27,1772.97
2026-01-29,Dallas-Fort Worth,Sales,49,9,8862.84,2328.31,2448.74,2361.12
2026-01-29,Dallas-Fort Worth,Operations,49,8,10697.06,862.13,3546.56,1699.32
2026-01-29,Dallas-Fort Worth,Marketing,73,8,9643.55,3503.12,2780.41,1299.73
2026-01-29,Austin,Sales,58,9,10632.54,1511.18,3496.07,2943.25
2026-01-29,Austin,Operations,35,2,2630.98,2505.33,4876.61,1568.64
2026-01-29,Austin,Marketing,55,7,6825.81,4179.01,5004.96,2313.15
2026-01-29,College Station,Sales,60,10,14055.23,1798.62,3638.01,2880.2
2026-01-29,College Station,Operations,62,12,10864.45,1549.99,4457.66,2620.89
2026-01-29,College Station,Marketing,74,10,9895.82,3157.55,4978.2,3019.18
2026-01-29,Oklahoma City,Sales,32,6,8092.46,1577.97,2938.57,2530.99
2026-01-29,Oklahoma City,Operations,56,7,8200.86,2849.02,4451.7,1952.0
2026-01-29,Oklahoma City,Marketing,86,12,11421.98,3783.79,2725.13,2203.2
2026-01-30,Dallas-Fort Worth,Sales,51,7,9827.9,743.83,3161.53,1748.62
2026-01-30,Dallas-Fort Worth,Operations,65,11,14735.43,2427.88,3665.27,2281.8
2026-01-30,Dallas-Fort Worth,Marketing,63,6,7464.25,3242.58,4425.45,1210.68
2026-01-30,Austin,Sales,44,5,4525.09,2252.6,3709.45,2978.31
2026-01-30,Austin,Operations,69,8,8203.75,2246.31,4585.04,1600.29
2026-01-30,Austin,Marketing,66,8,11422.36,3223.67,4334.66,2245.67
2026-01-30,College Station,Sales,49,13,19861.24,1888.61,3100.68,1395.49
2026-01-30,College Station,Operations,59,6,7704.36,1945.37,5261.77,2771.11
2026-01-30,College Station,Marketing,83,7,7429.11,3462.41,2956.9,2559.17
2026-01-30,Oklahoma City,Sales,63,11,11652.78,1000.65,2925.62,1387.04
2026-01-30,Oklahoma City,Operations,55,5,5171.4,2192.67,5077.6,2223.79
2026-01-30,Oklahoma City,Marketing,86,13,11849.39,3518.01,2514.64,1802.81
2026-01-31,Dallas-Fort Worth,Sales,67,13,17155.49,1881.94,4447.79,1429.6
2026-01-31,Dallas-Fort Worth,Operations,51,6,9398.11,2261.95,5623.06,1819.33
2026-01-31,Dallas-Fort Worth,Marketing,106,14,14265.07,4255.41,2743.86,1765.65
2026-01-31,Austin,Sales,52,7,9064.29,1924.54,3668.1,3146.9
2026-01-31,Austin,Operations,35,5,5257.81,2457.97,6143.13,3350.78
2026-01-31,Austin,Marketing,77,6,7554.16,3175.98,2542.29,2567.77
2026-01-31,College Station,Sales,43,9,12363.57,1673.4,3621.7,2078.72
2026-01-31,College Station,Operations,49,11,11346.33,1824.9,5594.88,2007.83
2026-01-31,College Station,Marketing,72,5,7072.83,3520.4,3881.96,1445.6
2026-01-31,Oklahoma City,Sales,61,11,12530.63,1180.47,3565.99,1764.58
2026-01-31,Oklahoma City,Operations,55,6,6834.79,2196.91,4960.37,2464.54
2026-01-31,Oklahoma City,Marketing,85,13,13344.1,3044.61,4153.2,2276.77
2026-02-01,Dallas-Fort Worth,Sales,68,14,15679.41,2196.23,3445.51,2678.3
2026-02-01,Dallas-Fort Worth,Operations,77,12,19345.32,1101.79,4670.98,2066.83
2026-02-01,Dallas-Fort Worth,Marketing,75,9,10203.66,3697.75,4190.86,2406.74
2026-02-01,Austin,Sales,42,8,10570.98,1959.25,3618.0,2900.17
2026-02-01,Austin,Operations,48,5,6600.35,2038.86,5511.56,2057.99
2026-02-01,Austin,Marketing,64,4,4488.48,3556.59,4075.36,1292.04
2026-02-01,College Station,Sales,61,10,10124.21,2785.85,3758.37,2613.71
2026-02-01,College Station,Operations,85,8,9028.62,2470.06,4215.4,2236.98
2026-02-01,College Station,Marketing,80,12,15275.64,2789.07,4183.35,2622.57
2026-02-01,Oklahoma City,Sales,42,6,6632.13,1282.8,4238.8,2038.08
2026-02-01,Oklahoma City,Operations,51,4,4515.93,2468.23,5448.97,1391.3
2026-02-01,Oklahoma City,Marketing,68,9,9993.04,2951.04,3083.7,1534.47
2026-02-02,Dallas-Fort Worth,Sales,56,9,12647.41,1769.98,3020.9,2546.9
2026-02-02,Dallas-Fort Worth,Operations,71,6,5361.22,1584.47,4190.05,3020.81
2026-02-02,Dallas-Fort Worth,Marketing,63,6,8791.4,3592.05,3291.8,1808.47
2026-02-02,Austin,Sales,52,8,11754.81,1730.4,2790.02,2692.89
2026-02-02,Austin,Operations,67,7,9372.88,1823.06,4275.92,2159.46
2026-02-02,Austin,Marketing,66,6,6185.99,3349.78,3711.89,1540.16
2026-02-02,College Station,Sales,43,7,8985.1,1832.51,2275.92,2843.45
2026-02-02,College Station,Operations,76,13,16873.2,2102.39,4607.48,2294.29
2026-02-02,College Station,Marketing,66,8,7541.24,3463.34,3387.27,2583.53
2026-02-02,Oklahoma City,Sales,57,9,12166.19,1271.97,3441.09,1931.23
2026-02-02,Oklahoma City,Operations,63,7,8740.22,2036.46,3592.33,1736.84
2026-02-02,Oklahoma City,Marketing,81,12,15636.79,3789.84,3467.03,2250.34
2026-02-03,Dallas-Fort Worth,Sales,49,8,8404.17,1555.52,3485.72,1874.22
2026-02-03,Dallas-Fort Worth,Operations,55,3,3831.08,1879.86,5267.74,1968.25
2026-02-03,Dallas-Fort Worth,Marketing,73,11,12894.08,4093.95,2756.33,2076.32
2026-02-03,Austin,Sales,41,6,6346.81,1583.67,4069.71,1628.05
2026-02-03,Austin,Operations,62,4,4508.02,2393.91,5277.23,2336.14
2026-02-03,Austin,Marketing,87,12,15756.49,3831.65,2976.93,2164.63
2026-02-03,College Station,Sales,62,12,15605.41,2387.94,3299.4,1525.14
2026-02-03,College Station,Operations,70,8,8809.89,1816.09,4740.63,2703.1
2026-02-03,College Station,Marketing,90,11,14270.92,3214.67,4215.91,1018.34
2026-02-03,Oklahoma City,Sales,40,7,7879.02,1372.27,3971.98,1710.81
2026-02-03,Oklahoma City,Operations,57,7,8472.7,1426.87,4884.1,2813.47
2026-02-03,Oklahoma City,Marketing,86,13,15412.61,2433.97,3320.12,2124.66
2026-02-04,Dallas-Fort Worth,Sales,70,15,19147.08,1414.56,3677.07,2069.13
2026-02-04,Dallas-Fort Worth,Operations,52,3,3850.51,1786.57,5482.63,1469.19
2026-02-04,Dallas-Fort Worth,Marketing,66,16,16665.46,3329.41,3862.65,1708.91
2026-02-04,Austin,Sales,75,13,15949.78,2618.27,3125.39,1956.18
2026-02-04,Austin,Operations,50,3,3748.95,2012.87,5109.99,2527.92
2026-02-04,Austin,Marketing,90,11,12721.95,3749.19,3182.0,2898.18
2026-02-04,College Station,Sales,52,10,15287.79,780.84,3484.64,1998.03
2026-02-04,College Station,Operations,75,7,11838.56,1112.44,5209.7,2006.85
2026-02-04,College Station,Marketing,86,8,8950.51,2379.73,3664.9,1451.04
2026-02-04,Oklahoma City,Sales,39,7,8247.1,2262.19,2788.12,2410.51
2026-02-04,Oklahoma City,Operations,58,6,6332.07,1764.41,5530.39,2013.12
2026-02-04,Oklahoma City,Marketing,90,9,13594.17,3212.06,3494.67,1394.59
2026-02-05,Dallas-Fort Worth,Sales,37,7,8113.41,1926.57,3189.21,2124.78
2026-02-05,Dallas-Fort Worth,Operations,47,6,6964.38,2639.09,4587.15,2759.4
2026-02-05,Dallas-Fort Worth,Marketing,67,6,6291.13,3766.84,3862.19,2268.59
2026-02-05,Austin,Sales,57,8,11620.19,2425.29,3579.42,2206.63
2026-02-05,Austin,Operations,62,7,8147.78,1578.24,4792.47,1961.97
2026-02-05,Austin,Marketing,88,9,10106.05,2917.93,2700.3,2980.09
2026-02-05,College Station,Sales,61,12,13255.42,2455.74,3687.12,2926.32
2026-02-05,College Station,Operations,54,6,6629.81,1834.87,5134.99,2946.35
2026-02-05,College Station,Marketing,98,12,17033.12,1977.06,3317.82,2324.86
2026-02-05,Oklahoma City,Sales,65,12,14278.93,1592.33,3120.14,3150.98
2026-02-05,Oklahoma City,Operations,68,11,13221.0,1559.49,5332.82,2187.69
2026-02-05,Oklahoma City,Marketing,78,9,9774.62,2807.86,3454.56,1507.29
2026-02-06,Dallas-Fort Worth,Sales,62,12,12737.8,977.66,3836.15,2319.22
2026-02-06,Dallas-Fort Worth,Operations,55,4,3419.23,2570.2,4870.16,2452.2
2026-02-06,Dallas-Fort Worth,Marketing,79,10,9699.12,2999.43,2786.78,1656.42
2026-02-06,Austin,Sales,46,5,5584.92,1480.1,2888.27,2133.58
2026-02-06,Austin,Operations,54,4,6248.62,2123.19,5672.99,2035.81
2026-02-06,Austin,Marketing,90,13,13216.69,2893.01,5349.13,1994.39
2026-02-06,College Station,Sales,60,10,13496.51,1352.44,2996.82,2767.17
2026-02-06,College Station,Operations,57,1,1204.21,1718.11,5426.4,2360.53
2026-02-06,College Station,Marketing,84,10,12522.84,2681.32,3111.06,1773.84
2026-02-06,Oklahoma City,Sales,38,7,9757.76,2076.3,3239.26,1931.44
2026-02-06,Oklahoma City,Operations,49,7,9063.55,2582.51,4418.25,2087.18
2026-02-06,Oklahoma City,Marketing,64,4,4688.21,3048.93,3292.31,1432.64
2026-02-07,Dallas-Fort Worth,Sales,57,9,12282.08,2047.73,2812.95,2397.85
2026-02-07,Dallas-Fort Worth,Operations,47,8,9557.39,1573.42,4756.08,1449.55
2026-02-07,Dallas-Fort Worth,Marketing,95,18,15995.46,3086.69,3533.76,1902.86
2026-02-07,Austin,Sales,69,15,9535.66,2732.08,3619.66,2079.05
2026-02-07,Austin,Operations,58,5,7307.82,2077.49,4787.03,2107.24
2026-02-07,Austin,Marketing,69,8,7737.16,3201.43,3289.68,2483.53
2026-02-07,College Station,Sales,67,13,15313.18,1480.67,3420.2,2191.68
2026-02-07,College Station,Operations,60,6,6155.34,1878.04,5815.28,3136.16
2026-02-07,College Station,Marketing,89,7,10174.83,2819.45,3137.66,2413.81
2026-02-07,Oklahoma City,Sales,38,7,8332.43,1979.61,3105.94,2623.21
2026-02-07,Oklahoma City,Operations,61,6,8220.9,602.87,5217.39,2146.23
2026-02-07,Oklahoma City,Marketing,70,8,10319.71,2868.37,3528.28,2179.29
2026-02-08,Dallas-Fort Worth,Sales,59,13,14514.36,2392.61,2817.47,2350.39
2026-02-08,Dallas-Fort Worth,Operations,34,4,5320.02,2710.34,5029.61,1825.84
2026-02-08,Dallas-Fort Worth,Marketing,92,11,13394.71,3612.66,4255.65,1333.94
2026-02-08,Austin,Sales,55,9,9067.3,1069.25,3559.89,1968.13
2026-02-08,Austin,Operations,46,5,5684.08,1807.92,5946.07,2184.94
2026-02-08,Austin,Marketing,102,16,21986.64,2872.17,3423.94,1740.14
2026-02-08,College Station,Sales,59,10,12795.06,1936.14,3700.71,2021.55
2026-02-08,College Station,Operations,43,4,5315.96,1726.25,4963.99,2633.91
2026-02-08,College Station,Marketing,85,5,5927.63,2807.92,3567.49,2395.14
2026-02-08,Oklahoma City,Sales,61,14,15537.94,1667.28,3944.42,2680.99
2026-02-08,Oklahoma City,Operations,42,6,7918.72,1732.34,4831.34,2566.32
2026-02-08,Oklahoma City,Marketing,85,11,11751.05,2424.96,3543.6,2064.45
2026-02-09,Dallas-Fort Worth,Sales,60,9,11828.21,1984.32,3155.92,2672.51
2026-02-09,Dallas-Fort Worth,Operations,50,4,4980.62,1793.38,4456.97,2510.07
2026-02-09,Dallas-Fort Worth,Marketing,79,7,6190.0,3391.89,3659.41,2259.69
2026-02-09,Austin,Sales,71,6,8570.74,2413.71,3011.95,2707.34
2026-02-09,Austin,Operations,45,3,3545.25,2622.44,5217.0,2224.93
2026-02-09,Austin,Marketing,90,8,11756.42,3906.78,3857.53,1805.87
2026-02-09,College Station,Sales,67,12,15790.31,2311.46,3861.86,1748.73
2026-02-09,College Station,Operations,72,9,11325.14,2076.79,5187.04,2573.97
2026-02-09,College Station,Marketing,82,9,9908.7,2969.9,3427.1,2694.72
2026-02-09,Oklahoma City,Sales,50,8,9454.47,2040.24,3989.39,3187.22
2026-02-09,Oklahoma City,Operations,38,4,5212.58,1041.7,6044.8,2141.95
2026-02-09,Oklahoma City,Marketing,70,10,8043.59,3295.51,3005.1,2192.54
2026-02-10,Dallas-Fort Worth,Sales,59,12,15288.47,2738.88,3637.19,2029.04
2026-02-10,Dallas-Fort Worth,Operations,69,8,10202.23,600,5271.95,2162.62
2026-02-10,Dallas-Fort Worth,Marketing,74,7,9537.97,2281.25,5489.5,2777.06
2026-02-10,Austin,Sales,59,14,17492.13,1397.26,4216.25,1381.98
2026-02-10,Austin,Operations,62,10,12962.94,1146.96,5123.07,2138.46
2026-02-10,Austin,Marketing,71,2,1973.22,2974.67,4275.33,3576.58
2026-02-10,College Station,Sales,65,9,10117.92,2286.98,3968.27,2395.46
2026-02-10,College Station,Operations,57,9,14422.23,1804.32,5095.27,2452.21
2026-02-10,College Station,Marketing,74,3,3866.61,2869.89,4389.96,2291.21
2026-02-10,Oklahoma City,Sales,72,10,14036.14,1065.77,4162.6,2081.38
2026-02-10,Oklahoma City,Operations,66,7,9259.91,2026.19,5229.89,2421.34
2026-02-10,Oklahoma City,Marketing,100,10,14526.14,3040.65,4324.17,3369.86
2026-02-11,Dallas-Fort Worth,Sales,45,4,4917.88,1488.74,3284.11,2035.37
2026-02-11,Dallas-Fort Worth,Operations,48,8,11220.56,2321.6,6387.28,1814.61
2026-02-11,Dallas-Fort Worth,Marketing,50,9,11205.77,3174.94,2518.25,1524.15
2026-02-11,Austin,Sales,63,11,8937.32,1376.78,4229.48,2839.34
2026-02-11,Austin,Operations,57,12,16617.73,2614.62,5799.98,2615.62
2026-02-11,Austin,Marketing,63,4,4266.23,3316.26,3600.65,2387.35
2026-02-11,College Station,Sales,54,10,13777.59,1803.58,3427.21,889.35
2026-02-11,College Station,Operations,65,6,6218.13,2190.46,5551.07,2539.98
2026-02-11,College Station,Marketing,91,7,8111.21,2952.5,4637.91,2631.9
2026-02-11,Oklahoma City,Sales,52,10,12674.47,1747.15,3880.13,2625.29
2026-02-11,Oklahoma City,Operations,53,4,5055.3,1681.17,4312.79,1815.89
2026-02-11,Oklahoma City,Marketing,77,9,11709.94,3104.39,3869.94,2013.31
2026-02-12,Dallas-Fort Worth,Sales,61,11,14326.96,2446.72,3430.3,1403.37
2026-02-12,Dallas-Fort Worth,Operations,54,8,9635.91,1943.15,3966.41,1782.93
2026-02-12,Dallas-Fort Worth,Marketing,86,12,12779.08,3365.15,3173.4,1623.78
2026-02-12,Austin,Sales,55,10,12713.5,2128.52,4606.27,2674.37
2026-02-12,Austin,Operations,50,7,6550.93,1845.31,5632.09,2539.58
2026-02-12,Austin,Marketing,89,16,17066.66,3557.65,3544.0,2757.33
2026-02-12,College Station,Sales,56,11,16262.6,2083.91,3474.11,2016.16
2026-02-12,College Station,Operations,46,7,10053.52,1690.06,3914.38,1883.24
2026-02-12,College Station,Marketing,85,7,5932.3,3000.01,2375.89,2362.72
2026-02-12,Oklahoma City,Sales,50,9,12900.58,1391.43,2311.26,2185.82
2026-02-12,Oklahoma City,Operations,60,4,4534.71,1643.76,5016.69,1892.25
2026-02-12,Oklahoma City,Marketing,111,12,14802.89,2981.86,2014.14,2890.45
2026-02-13,Dallas-Fort Worth,Sales,20,4,3848.57,1188.49,3534.66,3297.95
2026-02-13,Dallas-Fort Worth,Operations,58,6,6370.85,2092.83,4777.95,2556.9
2026-02-13,Dallas-Fort Worth,Marketing,56,7,8800.67,2587.9,2980.42,2126.31
2026-02-13,Austin,Sales,49,9,8475.82,1401.95,4868.4,1778.81
2026-02-13,Austin,Operations,49,5,5749.36,2343.1,4656.7,2627.46
2026-02-13,Austin,Marketing,69,10,11614.66,3121.36,3546.83,2475.12
2026-02-13,College Station,Sales,40,5,7833.5,2027.92,3383.47,2521.04
2026-02-13,College Station,Operations,54,2,2458.08,1745.16,5209.48,1812.64
2026-02-13,College Station,Marketing,77,12,14074.18,3006.97,3819.03,2002.92
2026-02-13,Oklahoma City,Sales,67,11,13919.47,1483.14,2851.32,2559.65
2026-02-13,Oklahoma City,Operations,58,8,10660.82,1138.83,5071.87,1197.09
2026-02-13,Oklahoma City,Marketing,86,7,8988.81,3526.68,3276.32,2188.48
2026-02-14,Dallas-Fort Worth,Sales,69,8,10526.83,1853.27,4168.89,1374.05
2026-02-14,Dallas-Fort Worth,Operations,55,8,11557.2,1453.84,4832.28,3120.71
2026-02-14,Dallas-Fort Worth,Marketing,62,7,8623.56,3278.72,3039.45,2682.24
2026-02-14,Austin,Sales,65,15,15858.99,1583.24,4257.96,3107.66
2026-02-14,Austin,Operations,54,3,3483.32,2234.12,5406.86,2756.47
2026-02-14,Austin,Marketing,103,10,10372.01,2658.78,3526.33,2709.54
2026-02-14,College Station,Sales,75,14,16837.13,1740.2,4335.83,1819.0
2026-02-14,College Station,Operations,53,6,7170.67,2613.7,4464.82,3427.64
2026-02-14,College Station,Marketing,72,6,6486.26,3491.93,3591.55,2760.61
2026-02-14,Oklahoma City,Sales,45,5,5666.16,1925.9,2718.15,2146.74
2026-02-14,Oklahoma City,Operations,61,5,5258.42,1307.17,4913.93,2428.16
2026-02-14,Oklahoma City,Marketing,112,18,17512.07,2508.44,3533.83,2985.99
2026-02-15,Dallas-Fort Worth,Sales,62,10,13802.95,2419.81,4477.04,1666.79
2026-02-15,Dallas-Fort Worth,Operations,60,4,4220.07,1224.63,4842.83,1481.99
2026-02-15,Dallas-Fort Worth,Marketing,89,10,10443.97,3418.45,4518.45,2372.69
2026-02-15,Austin,Sales,47,7,8268.81,1484.31,2572.96,2010.75
2026-02-15,Austin,Operations,69,6,5115.24,1760.05,5661.68,1338.79
2026-02-15,Austin,Marketing,82,11,14262.98,3450.69,3964.88,1408.03
2026-02-15,College Station,Sales,62,14,16241.43,1967.14,2991.35,2851.49
2026-02-15,College Station,Operations,47,8,9052.88,2104.99,4679.95,3138.88
2026-02-15,College Station,Marketing,56,7,5779.9,2657.85,4735.2,2654.01
2026-02-15,Oklahoma City,Sales,30,5,5442.3,2056.41,4710.24,2526.95
2026-02-15,Oklahoma City,Operations,60,8,8026.79,2115.51,5552.66,1893.82
2026-02-15,Oklahoma City,Marketing,72,12,14851.71,4838.77,3345.55,1971.24
2026-02-16,Dallas-Fort Worth,Sales,54,9,10396.17,2553.27,4099.37,2941.49
2026-02-16,Dallas-Fort Worth,Operations,34,4,5645.84,2126.44,4592.39,1822.02
2026-02-16,Dallas-Fort Worth,Marketing,91,10,13166.94,3270.48,3529.42,2260.24
2026-02-16,Austin,Sales,45,10,12986.72,2429.7,3282.48,1929.73
2026-02-16,Austin,Operations,51,4,5288.27,2120.63,4692.12,2040.17
2026-02-16,Austin,Marketing,84,7,7884.25,3902.22,3152.05,1941.59
2026-02-16,College Station,Sales,85,8,7894.5,2608.79,3354.27,2449.91
2026-02-16,College Station,Operations,80,7,7654.7,1984.85,4954.51,1937.54
2026-02-16,College Station,Marketing,78,5,6419.15,3575.52,3503.13,2088.09
2026-02-16,Oklahoma City,Sales,61,9,10300.83,1769.25,4483.21,2175.39
2026-02-16,Oklahoma City,Operations,53,6,6785.5,1365.79,4448.53,2630.18
2026-02-16,Oklahoma City,Marketing,73,8,8914.17,2602.44,3321.15,2898.47
2026-02-17,Dallas-Fort Worth,Sales,50,7,7860.87,1649.41,3737.11,1994.18
2026-02-17,Dallas-Fort Worth,Operations,53,5,6321.75,1940.07,5127.01,2516.56
2026-02-17,Dallas-Fort Worth,Marketing,78,12,15406.98,3869.53,3552.17,2336.06
2026-02-17,Austin,Sales,46,8,10777.96,1635.53,4495.31,2212.84
2026-02-17,Austin,Operations,73,6,6900.99,1576.64,5606.38,2521.05
2026-02-17,Austin,Marketing,79,8,9561.35,3526.06,4101.44,2170.19
2026-02-17,College Station,Sales,49,8,9786.15,1913.64,3327.9,3070.24
2026-02-17,College Station,Operations,47,8,11606.88,2226.2,6124.44,2477.92
2026-02-17,College Station,Marketing,76,7,7554.44,3576.81,2711.64,1488.82
2026-02-17,Oklahoma City,Sales,73,15,19118.69,2215.51,4064.58,2106.57
2026-02-17,Oklahoma City,Operations,37,6,7681.89,1180.7,5085.38,1965.64
2026-02-17,Oklahoma City,Marketing,78,8,10393.74,3106.21,2907.03,2536.5
2026-02-18,Dallas-Fort Worth,Sales,60,7,8915.5,2199.43,3508.5,2293.84
2026-02-18,Dallas-Fort Worth,Operations,45,2,2587.86,1760.45,5257.76,2082.61
2026-02-18,Dallas-Fort Worth,Marketing,76,9,10697.42,3589.83,3345.67,1477.8
2026-02-18,Austin,Sales,56,7,5207.19,1306.45,3336.85,1802.03
2026-02-18,Austin,Operations,36,4,5675.86,2173.24,5004.94,2660.56
2026-02-18,Austin,Marketing,74,6,7932.74,2712.39,3800.41,2187.16
2026-02-18,College Station,Sales,50,8,11237.6,1084.79,3761.4,2055.72
2026-02-18,College Station,Operations,46,5,6284.22,1773.02,5147.02,2907.42
2026-02-18,College Station,Marketing,72,9,7983.47,3405.63,2479.84,2515.68
2026-02-18,Oklahoma City,Sales,49,9,8442.12,1810.81,4094.41,2509.92
2026-02-18,Oklahoma City,Operations,54,6,8437.07,2131.2,4625.14,1910.09
2026-02-18,Oklahoma City,Marketing,71,8,7928.64,2228.73,3469.02,2326.44
2026-02-19,Dallas-Fort Worth,Sales,57,12,11608.19,1569.08,2734.54,2322.91
2026-02-19,Dallas-Fort Worth,Operations,53,5,6037.3,1481.9,4386.78,2990.25
2026-02-19,Dallas-Fort Worth,Marketing,89,10,9225.4,3103.57,3944.55,2284.94
2026-02-19,Austin,Sales,67,14,16586.94,1589.36,3303.36,1993.26
2026-02-19,Austin,Operations,65,6,5384.76,2009.23,4940.64,1966.41
2026-02-19,Austin,Marketing,56,9,11928.09,2688.4,3691.06,1658.13
2026-02-19,College Station,Sales,38,4,5361.12,2195.96,3414.1,2170.08
2026-02-19,College Station,Operations,76,7,6907.21,1857.39,5329.7,2051.56
2026-02-19,College Station,Marketing,62,5,6616.51,3521.64,2597.59,1588.7
2026-02-19,Oklahoma City,Sales,43,7,11180.59,1671.38,3637.26,1801.43
2026-02-19,Oklahoma City,Operations,86,8,8863.08,1870.3,4205.38,2604.38
2026-02-19,Oklahoma City,Marketing,79,7,7649.28,2347.68,3266.67,1062.69
2026-02-20,Dallas-Fort Worth,Sales,49,7,7657.88,1537.72,3094.81,2817.02
2026-02-20,Dallas-Fort Worth,Operations,72,8,11246.89,1662.08,4818.54,1785.61
2026-02-20,Dallas-Fort Worth,Marketing,88,12,11612.58,3271.99,3289.79,1749.04
2026-02-20,Austin,Sales,54,6,6731.35,2650.28,3861.4,1632.21
2026-02-20,Austin,Operations,61,7,7995.78,1536.4,5000.41,1903.8
2026-02-20,Austin,Marketing,77,11,14815.11,2616.59,3318.97,3003.46
2026-02-20,College Station,Sales,76,14,20856.13,2343.68,3520.81,1201.85
2026-02-20,College Station,Operations,54,4,4898.19,2585.79,5149.22,1807.42
2026-02-20,College Station,Marketing,65,3,2570.75,3932.04,4113.57,2134.48
2026-02-20,Oklahoma City,Sales,53,9,10781.0,2426.45,3834.07,1208.78
2026-02-20,Oklahoma City,Operations,67,3,3380.66,1176.27,5024.22,1571.43
2026-02-20,Oklahoma City,Marketing,63,5,6732.43,3116.42,4000.31,2880.15
2026-02-21,Dallas-Fort Worth,Sales,57,11,11280.42,1761.95,2910.69,2476.91
2026-02-21,Dallas-Fort Worth,Operations,65,9,10754.26,2202.95,4912.8,1919.26
2026-02-21,Dallas-Fort Worth,Marketing,86,12,19159.91,3528.11,2939.44,1710.94
2026-02-21,Austin,Sales,39,7,3857.92,2413.05,3425.1,2520.88
2026-02-21,Austin,Operations,56,7,7094.0,1784.93,4743.58,2149.36
2026-02-21,Austin,Marketing,81,11,12278.2,3570.62,3797.54,3019.38
2026-02-21,College Station,Sales,20,3,4279.63,665.44,4490.78,2241.1
2026-02-21,College Station,Operations,30,4,4042.15,1389.24,5878.79,2006.55
2026-02-21,College Station,Marketing,68,12,16406.8,3049.44,3126.31,2098.02
2026-02-21,Oklahoma City,Sales,73,10,9707.02,2373.55,3430.73,2250.23
2026-02-21,Oklahoma City,Operations,61,6,4581.99,1704.52,5744.63,3286.22
2026-02-21,Oklahoma City,Marketing,78,9,13012.05,3468.07,3777.25,1210.43
2026-02-22,Dallas-Fort Worth,Sales,50,9,8347.25,1635.28,4625.11,2071.43
2026-02-22,Dallas-Fort Worth,Operations,37,1,1197.97,1540.02,4478.89,2313.75
2026-02-22,Dallas-Fort Worth,Marketing,83,10,12630.88,2646.95,3215.7,2036.92
2026-02-22,Austin,Sales,54,11,11758.18,1450.09,4492.43,2279.23
2026-02-22,Austin,Operations,38,4,3909.94,1288.37,4199.44,1802.01
2026-02-22,Austin,Marketing,104,16,23179.21,3689.42,3519.07,2401.72
2026-02-22,College Station,Sales,56,7,6935.34,2205.16,2868.96,2300.46
2026-02-22,College Station,Operations,62,9,11398.21,1259.67,5324.24,2130.87
2026-02-22,College Station,Marketing,68,3,3843.65,2501.4,2575.6,3073.96
2026-02-22,Oklahoma City,Sales,40,6,7277.54,1831.6,2988.42,1845.84
2026-02-22,Oklahoma City,Operations,64,7,8370.83,826.83,4655.78,2628.71
2026-02-22,Oklahoma City,Marketing,71,6,7604.9,3469.4,3800.24,1916.82
2026-02-23,Dallas-Fort Worth,Sales,63,14,19748.31,1096.5,5357.7,1537.2
2026-02-23,Dallas-Fort Worth,Operations,40,5,5915.08,1962.61,5786.99,2665.26
2026-02-23,Dallas-Fort Worth,Marketing,69,8,11056.14,3673.81,4274.67,2608.73
2026-02-23,Austin,Sales,63,10,9627.28,1990.08,3327.58,2822.26
2026-02-23,Austin,Operations,44,4,4491.77,2235.14,5450.87,2211.41
2026-02-23,Austin,Marketing,83,14,12358.09,3536.62,4247.99,2807.14
2026-02-23,College Station,Sales,64,9,9926.75,2097.98,3246.42,2100.83
2026-02-23,College Station,Operations,36,2,2524.8,1608.3,4544.75,2106.1
2026-02-23,College Station,Marketing,83,9,11079.58,3239.82,3449.1,2194.32
2026-02-23,Oklahoma City,Sales,44,7,6085.29,1275.11,2887.77,2000.56
2026-02-23,Oklahoma City,Operations,68,8,9816.67,1375.9,5172.27,3047.89
2026-02-23,Oklahoma City,Marketing,78,7,6931.0,3318.31,3035.22,2556.69
2026-02-24,Dallas-Fort Worth,Sales,42,5,6431.96,1217.83,3963.68,2718.71
2026-02-24,Dallas-Fort Worth,Operations,47,5,7252.94,1590.83,5959.07,2035.72
2026-02-24,Dallas-Fort Worth,Marketing,68,8,9924.18,3710.46,4131.85,2384.76
2026-02-24,Austin,Sales,62,11,14768.37,1566.58,2951.24,2304.28
2026-02-24,Austin,Operations,87,12,12887.97,2427.26,3881.31,2074.05
2026-02-24,Austin,Marketing,84,8,8744.37,3123.5,3274.5,1807.93
2026-02-24,College Station,Sales,41,5,5130.23,1754.3,4203.82,1868.3
2026-02-24,College Station,Operations,40,7,6959.5,1842.57,4438.17,1840.54
2026-02-24,College Station,Marketing,84,11,15716.6,3500.94,3692.42,2512.29
2026-02-24,Oklahoma City,Sales,42,9,11662.92,2020.41,3959.1,1460.14
2026-02-24,Oklahoma City,Operations,41,5,6130.44,2058.77,5063.95,2107.74
2026-02-24,Oklahoma City,Marketing,95,12,16012.79,3737.84,4358.38,2358.84
2026-02-25,Dallas-Fort Worth,Sales,63,11,15323.6,2826.28,2973.06,1823.63
2026-02-25,Dallas-Fort Worth,Operations,74,9,10103.56,1487.64,5562.46,2480.18
2026-02-25,Dallas-Fort Worth,Marketing,104,12,16347.41,3944.25,2739.65,1673.3
2026-02-25,Austin,Sales,58,9,10117.2,1502.59,3511.25,1747.99
2026-02-25,Austin,Operations,39,5,6112.34,2240.49,5313.17,2411.98
2026-02-25,Austin,Marketing,89,7,7771.95,3323.69,4160.93,2523.28
2026-02-25,College Station,Sales,52,9,11204.78,1279.63,4109.14,2586.15
2026-02-25,College Station,Operations,66,10,13796.2,952.17,5135.16,1485.07
2026-02-25,College Station,Marketing,68,7,9890.64,3349.02,3738.86,3092.81
2026-02-25,Oklahoma City,Sales,57,8,7592.82,1407.18,3667.14,1429.68
2026-02-25,Oklahoma City,Operations,60,7,7492.78,1846.86,5309.89,1884.03
2026-02-25,Oklahoma City,Marketing,88,8,10446.02,3855.94,3793.23,1563.27
2026-02-26,Dallas-Fort Worth,Sales,56,10,10449.82,1233.23,3371.02,2634.18
2026-02-26,Dallas-Fort Worth,Operations,64,10,11919.27,2684.08,4492.31,2420.41
2026-02-26,Dallas-Fort Worth,Marketing,77,13,15675.47,2735.56,3745.11,1639.0
2026-02-26,Austin,Sales,44,9,10767.09,2185.02,3075.81,2848.39
2026-02-26,Austin,Operations,52,2,2077.54,1171.15,4121.71,2455.25
2026-02-26,Austin,Marketing,84,11,11740.18,3439.27,2719.16,1958.56
2026-02-26,College Station,Sales,53,8,9744.66,1789.77,3882.67,2351.76
2026-02-26,College Station,Operations,66,6,7903.64,1924.87,5145.85,2266.86
2026-02-26,College Station,Marketing,54,10,10352.43,2841.6,3406.62,1545.0
2026-02-26,Oklahoma City,Sales,75,11,11846.05,1426.64,3862.22,2897.92
2026-02-26,Oklahoma City,Operations,58,5,7190.5,1927.6,4566.55,2163.99
2026-02-26,Oklahoma City,Marketing,81,10,12002.91,3210.76,4717.68,3616.85
2026-02-27,Dallas-Fort Worth,Sales,57,8,8087.67,2165.91,2625.56,2109.1
2026-02-27,Dallas-Fort Worth,Operations,59,7,7890.13,2627.0,5477.75,1964.58
2026-02-27,Dallas-Fort Worth,Marketing,89,10,11070.73,3016.59,4309.51,1920.47
2026-02-27,Austin,Sales,54,11,13802.14,1908.18,3200.81,3365.43
2026-02-27,Austin,Operations,64,2,2869.51,1221.27,4176.78,1851.03
2026-02-27,Austin,Marketing,95,10,12379.12,2448.5,4245.3,2066.38
2026-02-27,College Station,Sales,39,7,9017.24,1838.26,4374.85,2491.81
2026-02-27,College Station,Operations,73,8,9757.76,2188.88,5695.19,2033.45
2026-02-27,College Station,Marketing,102,12,14410.45,3398.83,3086.57,1377.0
2026-02-27,Oklahoma City,Sales,79,17,17572.71,1861.69,3974.12,1956.02
2026-02-27,Oklahoma City,Operations,72,7,9650.42,1516.31,5304.3,2974.93
2026-02-27,Oklahoma City,Marketing,85,8,9919.2,3526.19,3343.17,2002.54
2026-02-28,Dallas-Fort Worth,Sales,76,17,18370.42,1206.76,2829.95,1642.61
2026-02-28,Dallas-Fort Worth,Operations,51,5,4754.62,1869.57,3258.07,2269.92
2026-02-28,Dallas-Fort Worth,Marketing,99,7,4771.61,3274.95,4020.4,1995.79
2026-02-28,Austin,Sales,57,12,18049.04,2069.11,2858.4,2284.71
2026-02-28,Austin,Operations,42,5,5782.75,1543.07,5918.69,2086.17
2026-02-28,Austin,Marketing,62,8,10588.0,3222.97,3135.08,1983.8
2026-02-28,College Station,Sales,47,7,7515.75,1700.53,2786.52,2323.39
2026-02-28,College Station,Operations,45,6,7611.75,2477.6,4181.43,2905.6
2026-02-28,College Station,Marketing,78,11,14961.71,3632.53,3636.95,2427.29
2026-02-28,Oklahoma City,Sales,53,10,10394.81,1982.05,4523.64,3203.23
2026-02-28,Oklahoma City,Operations,67,11,14236.74,2274.22,6167.02,2172.87
2026-02-28,Oklahoma City,Marketing,60,6,7400.86,2829.23,2881.29,1953.51
2026-03-01,Dallas-Fort Worth,Sales,40,8,12054.73,2103.92,2763.25,2303.54
2026-03-01,Dallas-Fort Worth,Operations,44,5,5259.17,2242.28,5421.39,2039.7
2026-03-01,Dallas-Fort Worth,Marketing,86,10,15109.37,2344.29,3847.74,2821.5
2026-03-01,Austin,Sales,50,8,9855.31,1386.12,3278.05,1687.91
2026-03-01,Austin,Operations,52,2,2183.0,2051.31,4772.88,1994.05
2026-03-01,Austin,Marketing,90,15,16009.48,3742.23,2549.71,1777.09
2026-03-01,College Station,Sales,61,11,13435.84,2189.19,3478.37,2581.25
2026-03-01,College Station,Operations,49,4,3450.07,2104.36,4479.31,2703.77
2026-03-01,College Station,Marketing,92,10,12157.05,3289.02,3476.97,1470.7
2026-03-01,Oklahoma City,Sales,72,11,14248.35,1931.11,3773.8,2309.47
2026-03-01,Oklahoma City,Operations,65,5,6892.87,1874.64,5023.54,1992.45
2026-03-01,Oklahoma City,Marketing,79,11,10879.54,2425.74,3435.14,2551.05
2026-03-02,Dallas-Fort Worth,Sales,51,11,15766.13,2431.13,4471.37,2331.78
2026-03-02,Dallas-Fort Worth,Operations,61,5,3583.04,1982.43,4536.96,2099.41
2026-03-02,Dallas-Fort Worth,Marketing,50,7,8145.8,2934.16,2907.05,1793.7
2026-03-02,Austin,Sales,44,6,5673.92,1705.59,3397.12,2629.69
2026-03-02,Austin,Operations,33,3,3118.67,1953.41,4968.57,2624.51
2026-03-02,Austin,Marketing,102,12,15544.79,2862.67,3523.9,2212.43
2026-03-02,College Station,Sales,80,11,12934.57,1808.75,3147.4,2376.22
2026-03-02,College Station,Operations,55,6,6420.05,2130.56,4441.73,2013.93
2026-03-02,College Station,Marketing,90,15,15974.38,3480.28,3548.8,2721.99
2026-03-02,Oklahoma City,Sales,56,13,19186.31,1362.04,3403.93,1824.75
2026-03-02,Oklahoma City,Operations,54,3,2696.21,2258.91,5204.44,2576.74
2026-03-02,Oklahoma City,Marketing,69,5,5825.79,3822.28,3645.24,2291.5
2026-03-03,Dallas-Fort Worth,Sales,69,13,16025.81,1992.33,3485.59,2986.69
2026-03-03,Dallas-Fort Worth,Operations,53,5,6613.44,2226.0,4716.95,2561.99
2026-03-03,Dallas-Fort Worth,Marketing,92,2,1779.12,3380.23,3041.67,3043.22
2026-03-03,Austin,Sales,58,10,12111.18,1629.06,3214.87,2260.92
2026-03-03,Austin,Operations,67,4,4973.37,1597.67,5051.65,1824.11
2026-03-03,Austin,Marketing,81,6,7178.09,3082.86,2600.85,2409.13
2026-03-03,College Station,Sales,21,3,2795.08,1915.65,3398.37,2608.48
2026-03-03,College Station,Operations,52,5,7008.54,1590.83,4982.19,2913.13
2026-03-03,College Station,Marketing,87,16,20522.1,2961.66,4244.43,2661.17
2026-03-03,Oklahoma City,Sales,51,10,11851.64,2024.13,3619.57,2135.05
2026-03-03,Oklahoma City,Operations,75,10,9605.06,1893.79,4820.5,2356.51
2026-03-03,Oklahoma City,Marketing,82,10,8942.87,2494.44,4440.35,2186.68
2026-03-04,Dallas-Fort Worth,Sales,71,14,15456.59,1040.16,3907.17,2458.65
2026-03-04,Dallas-Fort Worth,Operations,76,8,9709.63,986.37,4635.88,2322.97
2026-03-04,Dallas-Fort Worth,Marketing,75,6,8731.17,3921.21,2959.11,2249.46
2026-03-04,Austin,Sales,49,11,13670.16,2068.78,3038.98,2863.75
2026-03-04,Austin,Operations,51,9,12569.78,1507.07,5316.15,2321.71
2026-03-04,Austin,Marketing,77,11,13149.57,3212.66,3221.08,1827.8
2026-03-04,College Station,Sales,55,10,13936.57,1190.44,3667.49,2996.94
2026-03-04,College Station,Operations,46,3,3099.65,2156.16,4240.3,2209.75
2026-03-04,College Station,Marketing,71,7,8014.07,3031.45,3379.46,2173.02
2026-03-04,Oklahoma City,Sales,58,9,11562.38,1584.18,3327.54,2220.93
2026-03-04,Oklahoma City,Operations,34,3,3239.29,1339.74,4861.06,1833.38
2026-03-04,Oklahoma City,Marketing,69,10,15748.43,3647.27,3778.87,2761.99
2026-03-05,Dallas-Fort Worth,Sales,58,9,10980.65,1648.86,2277.11,1779.31
2026-03-05,Dallas-Fort Worth,Operations,45,6,6680.49,990.11,4982.85,2343.34
2026-03-05,Dallas-Fort Worth,Marketing,89,11,17933.37,2809.67,4390.3,2660.51
2026-03-05,Austin,Sales,47,8,8525.57,1744.24,3334.16,1977.56
2026-03-05,Austin,Operations,54,4,5609.67,2195.15,4582.83,2631.34
2026-03-05,Austin,Marketing,67,3,3770.04,3445.94,3156.39,2463.1
2026-03-05,College Station,Sales,78,22,22943.15,1946.99,2862.86,3615.74
2026-03-05,College Station,Operations,49,7,8519.02,1324.32,4875.9,1523.18
2026-03-05,College Station,Marketing,72,7,8683.43,2177.72,3560.64,3476.5
2026-03-05,Oklahoma City,Sales,43,8,8990.66,600,3002.75,1858.26
2026-03-05,Oklahoma City,Operations,65,7,8122.41,2102.95,5077.48,2117.53
2026-03-05,Oklahoma City,Marketing,88,6,6977.26,3764.0,2315.92,1804.67
2026-03-06,Dallas-Fort Worth,Sales,56,10,11394.61,1993.46,3068.07,2689.72
2026-03-06,Dallas-Fort Worth,Operations,57,10,13523.87,2048.22,5849.66,1798.38
2026-03-06,Dallas-Fort Worth,Marketing,76,4,5426.75,3944.37,3308.71,1591.43
2026-03-06,Austin,Sales,68,10,11092.04,2492.78,3384.76,2106.78
2026-03-06,Austin,Operations,74,10,10084.74,2477.38,3955.19,2703.74
2026-03-06,Austin,Marketing,85,8,8478.39,2699.42,4637.4,2262.22
2026-03-06,College Station,Sales,47,9,12751.47,1943.48,4018.19,2677.01
2026-03-06,College Station,Operations,55,7,8254.63,1353.44,4239.79,2425.31
2026-03-06,College Station,Marketing,71,8,9243.29,3636.63,3767.98,2353.24
2026-03-06,Oklahoma City,Sales,51,8,9110.54,1912.32,2565.54,2190.12
2026-03-06,Oklahoma City,Operations,59,7,7042.36,1610.5,4771.54,1930.01
2026-03-06,Oklahoma City,Marketing,65,5,6008.19,3373.47,3688.8,1764.26
2026-03-07,Dallas-Fort Worth,Sales,59,10,11108.05,1383.62,3294.39,2558.49
2026-03-07,Dallas-Fort Worth,Operations,52,6,6118.89,3055.69,3641.03,1186.04
2026-03-07,Dallas-Fort Worth,Marketing,73,9,13673.12,3431.2,3780.49,2659.82
2026-03-07,Austin,Sales,56,6,4111.38,1897.78,4901.79,1839.52
2026-03-07,Austin,Operations,70,5,7379.5,1859.67,5502.19,2551.91
2026-03-07,Austin,Marketing,88,10,10819.23,3128.14,3140.74,2143.65
2026-03-07,College Station,Sales,35,6,8255.47,2340.86,4388.29,2276.24
2026-03-07,College Station,Operations,53,5,6353.12,2122.7,5202.88,1527.29
2026-03-07,College Station,Marketing,96,13,17918.21,3223.37,3443.4,3168.77
2026-03-07,Oklahoma City,Sales,42,5,7796.22,1908.18,3342.98,1907.48
2026-03-07,Oklahoma City,Operations,30,5,6635.07,2029.5,5494.8,1742.67
2026-03-07,Oklahoma City,Marketing,85,13,10440.48,3468.18,4048.25,2250.74
2026-03-08,Dallas-Fort Worth,Sales,44,7,7822.69,1963.28,3280.74,2582.21
2026-03-08,Dallas-Fort Worth,Operations,48,4,5641.34,1727.67,5318.97,1551.29
2026-03-08,Dallas-Fort Worth,Marketing,98,6,7304.69,3098.95,3142.17,2062.81
2026-03-08,Austin,Sales,69,16,18518.47,1639.14,2473.24,3057.56
2026-03-08,Austin,Operations,42,3,3656.6,2130.33,5913.96,3287.3
2026-03-08,Austin,Marketing,89,9,9735.98,3119.67,4082.67,2677.45
2026-03-08,College Station,Sales,62,7,7686.63,2455.51,3280.15,2159.83
2026-03-08,College Station,Operations,87,10,14562.18,2627.42,5454.91,1982.55
2026-03-08,College Station,Marketing,52,4,5263.19,3466.38,4303.36,1647.07
2026-03-08,Oklahoma City,Sales,57,6,6246.57,2038.19,2290.65,2608.35
2026-03-08,Oklahoma City,Operations,76,5,5767.02,2573.31,5300.38,2398.67
2026-03-08,Oklahoma City,Marketing,81,5,5876.85,3779.0,3652.19,2560.85
2026-03-09,Dallas-Fort Worth,Sales,50,7,7856.67,1326.14,2782.61,2190.05
2026-03-09,Dallas-Fort Worth,Operations,52,4,5301.17,1380.79,5255.35,2449.19
2026-03-09,Dallas-Fort Worth,Marketing,99,13,17447.64,3233.62,2755.69,2627.86
2026-03-09,Austin,Sales,75,13,20499.44,2215.74,4800.59,2109.41
2026-03-09,Austin,Operations,44,5,5346.39,1889.31,4855.02,2282.26
2026-03-09,Austin,Marketing,78,6,6628.24,3771.11,3561.9,1529.59
2026-03-09,College Station,Sales,30,5,6250.92,1268.9,2527.61,2480.41
2026-03-09,College Station,Operations,93,13,13267.93,1747.05,4928.69,1564.11
2026-03-09,College Station,Marketing,63,7,9395.61,3313.8,3190.02,2454.71
2026-03-09,Oklahoma City,Sales,61,8,7846.33,2090.33,4281.73,2402.71
2026-03-09,Oklahoma City,Operations,69,11,10173.87,2015.38,5789.58,2766.79
2026-03-09,Oklahoma City,Marketing,97,9,11904.4,3549.33,3241.1,2295.34
2026-03-10,Dallas-Fort Worth,Sales,39,5,6294.81,2273.14,3599.52,2967.05
2026-03-10,Dallas-Fort Worth,Operations,72,6,7090.51,1573.45,5493.95,2559.08
2026-03-10,Dallas-Fort Worth,Marketing,70,10,9622.81,3730.03,2136.5,2110.44
2026-03-10,Austin,Sales,46,9,11209.13,813.81,2792.76,1906.43
2026-03-10,Austin,Operations,69,12,15873.13,2440.33,4548.14,2408.3
2026-03-10,Austin,Marketing,81,6,6821.58,3039.42,3873.65,2447.7
2026-03-10,College Station,Sales,48,7,6005.21,2027.39,3537.95,2185.5
2026-03-10,College Station,Operations,61,6,6159.06,1529.08,4793.8,2308.82
2026-03-10,College Station,Marketing,72,7,6724.72,3016.59,2551.77,1869.62
2026-03-10,Oklahoma City,Sales,61,11,12890.74,1698.95,4140.17,1610.78
2026-03-10,Oklahoma City,Operations,60,5,6250.42,1731.56,4674.06,2356.16
2026-03-10,Oklahoma City,Marketing,72,5,5565.28,2635.38,3687.1,1896.05
2026-03-11,Dallas-Fort Worth,Sales,39,7,8906.28,1716.96,3424.63,2656.65
2026-03-11,Dallas-Fort Worth,Operations,51,6,5974.21,2050.91,4914.24,2459.12
2026-03-11,Dallas-Fort Worth,Marketing,76,7,6885.47,3107.16,3324.36,1551.4
2026-03-11,Austin,Sales,70,15,12506.51,837.46,2688.24,2278.27
2026-03-11,Austin,Operations,87,6,6857.39,2399.81,4702.8,2757.94
2026-03-11,Austin,Marketing,91,10,13587.71,3621.16,2758.27,2112.7
2026-03-11,College Station,Sales,47,8,7852.26,1351.59,3633.47,2196.34
2026-03-11,College Station,Operations,71,9,13120.41,2389.66,5682.71,432.59
2026-03-11,College Station,Marketing,70,9,8656.44,2962.45,4001.15,2223.77
2026-03-11,Oklahoma City,Sales,50,12,13488.24,2300.1,3570.19,2249.58
2026-03-11,Oklahoma City,Operations,50,4,4640.44,1185.44,5366.68,2256.54
2026-03-11,Oklahoma City,Marketing,74,10,10123.99,2314.57,3852.86,1511.28
2026-03-12,Dallas-Fort Worth,Sales,38,7,9617.54,1449.64,3064.68,2953.13
2026-03-12,Dallas-Fort Worth,Operations,38,5,6386.87,1473.42,4918.16,1770.02
2026-03-12,Dallas-Fort Worth,Marketing,72,8,8582.04,2458.59,4027.41,1897.84
2026-03-12,Austin,Sales,64,11,18769.32,2051.14,2792.19,1513.92
2026-03-12,Austin,Operations,44,4,3610.14,1293.29,5009.08,1418.47
2026-03-12,Austin,Marketing,78,9,9172.1,3471.78,3651.04,2746.67
2026-03-12,College Station,Sales,62,10,11716.45,2007.82,3826.66,1353.6
2026-03-12,College Station,Operations,66,6,8424.76,1880.61,4610.25,2199.89
2026-03-12,College Station,Marketing,97,9,8030.47,3084.94,4355.63,2994.08
2026-03-12,Oklahoma City,Sales,67,7,8101.22,1584.87,3494.13,1652.53
2026-03-12,Oklahoma City,Operations,51,4,6470.47,1826.97,4689.49,1580.24
2026-03-12,Oklahoma City,Marketing,91,12,16909.87,3355.98,3318.91,1836.05
2026-03-13,Dallas-Fort Worth,Sales,45,7,9263.48,1551.77,3770.56,2576.47
2026-03-13,Dallas-Fort Worth,Operations,49,7,8929.55,1972.42,4984.43,2286.71
2026-03-13,Dallas-Fort Worth,Marketing,69,6,7470.28,3602.47,3461.71,2451.07
2026-03-13,Austin,Sales,52,7,8415.75,1972.92,3186.74,1903.01
2026-03-13,Austin,Operations,49,6,5606.99,1923.44,5156.95,2302.68
2026-03-13,Austin,Marketing,73,9,9012.67,2857.45,4079.42,1535.69
2026-03-13,College Station,Sales,47,7,9218.49,1151.96,3246.61,1657.31
2026-03-13,College Station,Operations,74,8,8852.13,1851.17,5518.41,1163.52
2026-03-13,College Station,Marketing,67,8,8693.07,2550.91,3174.63,2278.31
2026-03-13,Oklahoma City,Sales,58,14,12669.25,1133.52,2875.31,2686.46
2026-03-13,Oklahoma City,Operations,44,2,2692.45,1466.96,5669.18,2307.34
2026-03-13,Oklahoma City,Marketing,72,10,13468.59,3875.88,3351.82,2040.74
2026-03-14,Dallas-Fort Worth,Sales,72,15,18694.35,1417.49,2971.65,1484.49
2026-03-14,Dallas-Fort Worth,Operations,43,4,3941.9,2124.3,3452.86,1799.38
2026-03-14,Dallas-Fort Worth,Marketing,71,10,12940.8,2646.16,3737.24,1677.79
2026-03-14,Austin,Sales,58,7,8561.38,2460.85,4824.12,2743.35
2026-03-14,Austin,Operations,42,4,4128.1,1525.42,3951.31,1884.83
2026-03-14,Austin,Marketing,93,18,23008.35,3291.46,4003.79,1409.72
2026-03-14,College Station,Sales,44,9,10422.45,1634.37,4112.53,1246.63
2026-03-14,College Station,Operations,69,6,7808.4,1800.29,5437.08,2696.17
2026-03-14,College Station,Marketing,67,10,12911.62,3841.45,3283.13,2793.78
2026-03-14,Oklahoma City,Sales,63,10,13802.04,1632.46,4147.92,2149.82
2026-03-14,Oklahoma City,Operations,56,6,8295.11,1760.98,5348.42,2499.83
2026-03-14,Oklahoma City,Marketing,69,10,14651.27,3429.86,3843.46,1774.1
2026-03-15,Dallas-Fort Worth,Sales,70,8,9807.55,2497.43,3186.6,2469.77
2026-03-15,Dallas-Fort Worth,Operations,46,6,5671.75,1614.49,4617.33,2250.77
2026-03-15,Dallas-Fort Worth,Marketing,59,10,12558.12,2980.02,4493.41,2188.1
2026-03-15,Austin,Sales,58,11,16349.82,1870.88,2959.37,2244.71
2026-03-15,Austin,Operations,60,7,7581.46,1436.31,3981.83,2440.57
2026-03-15,Austin,Marketing,69,6,7750.28,3685.65,2978.65,2024.35
2026-03-15,College Station,Sales,50,9,9115.2,1438.99,3852.02,1898.38
2026-03-15,College Station,Operations,42,5,5175.3,1676.92,5770.28,2111.66
2026-03-15,College Station,Marketing,78,8,7409.43,3279.79,4210.15,2831.3
2026-03-15,Oklahoma City,Sales,89,15,18544.74,1304.99,4711.19,2695.77
2026-03-15,Oklahoma City,Operations,66,9,10585.04,657.96,5750.04,2533.87
2026-03-15,Oklahoma City,Marketing,83,7,9493.07,6001.94,3720.33,1646.54
2026-03-16,Dallas-Fort Worth,Sales,41,7,8266.27,1331.98,4640.75,1980.69
2026-03-16,Dallas-Fort Worth,Operations,54,6,8789.9,1451.19,4888.57,1562.74
2026-03-16,Dallas-Fort Worth,Marketing,92,12,14742.35,3327.98,4689.58,2144.96
2026-03-16,Austin,Sales,47,7,9699.02,2064.66,3888.11,1875.78
2026-03-16,Austin,Operations,61,8,9752.72,1740.71,5284.09,2399.76
2026-03-16,Austin,Marketing,74,8,7130.11,3468.86,3534.16,2974.77
2026-03-16,College Station,Sales,33,6,7840.43,1485.63,3889.79,2341.6
2026-03-16,College Station,Operations,61,6,3769.09,1836.4,5056.45,1834.41
2026-03-16,College Station,Marketing,64,8,10170.87,3910.67,3116.1,2792.76
2026-03-16,Oklahoma City,Sales,55,8,10318.87,2194.43,3284.87,2985.2
2026-03-16,Oklahoma City,Operations,55,4,3980.16,2282.39,4668.24,2244.52
2026-03-16,Oklahoma City,Marketing,81,9,12386.57,2983.14,2934.19,1049.3
2026-03-17,Dallas-Fort Worth,Sales,53,9,12805.98,1483.15,4213.93,2055.48
2026-03-17,Dallas-Fort Worth,Operations,75,6,6766.76,2105.38,5713.06,2621.97
2026-03-17,Dallas-Fort Worth,Marketing,63,9,10784.93,2467.34,3264.71,2025.81
2026-03-17,Austin,Sales,45,10,12966.39,2312.72,3071.88,1364.97
2026-03-17,Austin,Operations,60,7,9487.68,2097.07,5093.53,2600.59
2026-03-17,Austin,Marketing,80,10,15561.23,3780.36,2968.84,1409.02
2026-03-17,College Station,Sales,71,11,12939.34,1580.34,3796.26,1993.05
2026-03-17,College Station,Operations,40,2,1538.91,1325.61,5734.82,1731.15
2026-03-17,College Station,Marketing,79,12,17237.97,2949.34,4026.79,2012.25
2026-03-17,Oklahoma City,Sales,31,6,7318.94,1405.32,3723.6,2366.82
2026-03-17,Oklahoma City,Operations,56,4,4674.23,1937.5,5452.29,2092.05
2026-03-17,Oklahoma City,Marketing,67,9,12803.89,2932.0,3903.52,2724.13
2026-03-18,Dallas-Fort Worth,Sales,67,15,18765.06,2433.47,4411.38,1786.29
2026-03-18,Dallas-Fort Worth,Operations,58,7,7537.49,1651.86,3795.21,2555.19
2026-03-18,Dallas-Fort Worth,Marketing,90,14,20198.68,2927.78,3504.01,2971.8
2026-03-18,Austin,Sales,67,10,7751.28,1697.01,2958.9,2231.32
2026-03-18,Austin,Operations,66,4,4997.87,1252.9,6489.44,2225.8
2026-03-18,Austin,Marketing,85,7,5712.73,2768.52,3025.96,2786.31
2026-03-18,College Station,Sales,41,8,10206.93,1749.81,2108.13,1925.17
2026-03-18,College Station,Operations,66,9,11042.32,1153.39,5075.62,2326.85
2026-03-18,College Station,Marketing,74,10,10721.48,2296.51,3214.06,1854.85
2026-03-18,Oklahoma City,Sales,69,14,16672.59,1553.95,3934.94,2947.07
2026-03-18,Oklahoma City,Operations,43,4,5628.55,2016.38,4736.93,2777.63
2026-03-18,Oklahoma City,Marketing,86,7,8746.08,3196.76,4591.6,2503.7
2026-03-19,Dallas-Fort Worth,Sales,60,11,14231.51,1174.88,2727.36,2394.67
2026-03-19,Dallas-Fort Worth,Operations,59,6,5042.07,1310.5,5322.69,2263.45
2026-03-19,Dallas-Fort Worth,Marketing,72,6,7487.8,3132.12,3504.39,1947.82
2026-03-19,Austin,Sales,56,10,10872.6,2548.21,3246.73,2283.16
2026-03-19,Austin,Operations,36,3,4097.05,2126.88,5128.8,1863.73
2026-03-19,Austin,Marketing,84,7,9748.26,2016.98,3369.0,1801.38
2026-03-19,College Station,Sales,70,12,17072.74,2450.54,3872.86,1381.01
2026-03-19,College Station,Operations,45,4,5088.36,1970.84,4202.24,2592.29
2026-03-19,College Station,Marketing,67,7,8724.33,3141.6,4541.31,2769.68
2026-03-19,Oklahoma City,Sales,39,5,7034.8,1850.98,3977.02,2212.54
2026-03-19,Oklahoma City,Operations,69,10,13415.63,1495.48,5364.46,1394.89
2026-03-19,Oklahoma City,Marketing,77,7,7421.35,2778.45,2395.44,2819.2
2026-03-20,Dallas-Fort Worth,Sales,52,9,11612.0,2279.33,4402.1,1984.2
2026-03-20,Dallas-Fort Worth,Operations,57,5,6659.51,1809.47,5545.46,2613.65
2026-03-20,Dallas-Fort Worth,Marketing,89,12,14587.99,2640.79,3797.44,3041.72
2026-03-20,Austin,Sales,49,7,9178.75,2553.44,2975.37,992.06
2026-03-20,Austin,Operations,47,5,5871.48,1682.87,4698.4,1876.56
2026-03-20,Austin,Marketing,70,9,11727.42,2486.6,4549.14,2420.75
2026-03-20,College Station,Sales,61,10,12458.65,1294.38,4550.04,2907.45
2026-03-20,College Station,Operations,52,3,3434.84,2066.08,4763.72,1802.18
2026-03-20,College Station,Marketing,81,7,10082.42,3625.48,3998.27,1846.06
2026-03-20,Oklahoma City,Sales,57,12,9878.87,1892.57,4443.73,3105.76
2026-03-20,Oklahoma City,Operations,43,5,6939.89,2342.63,3896.21,1195.21
2026-03-20,Oklahoma City,Marketing,81,11,12953.35,3052.46,4366.82,2938.75
2026-03-21,Dallas-Fort Worth,Sales,47,8,7934.1,2580.97,2757.46,1664.95
2026-03-21,Dallas-Fort Worth,Operations,44,3,4289.88,2844.74,5156.41,2031.97
2026-03-21,Dallas-Fort Worth,Marketing,88,7,10085.57,3183.6,3852.33,1854.37
2026-03-21,Austin,Sales,52,6,3971.12,2200.61,2489.08,1695.08
2026-03-21,Austin,Operations,49,5,5918.75,1779.72,5170.24,2182.24
2026-03-21,Austin,Marketing,59,7,9916.31,3316.13,2535.92,2316.16
2026-03-21,College Station,Sales,60,8,9709.71,2374.4,4570.43,2263.25
2026-03-21,College Station,Operations,61,6,6757.36,2423.25,5577.48,2508.5
2026-03-21,College Station,Marketing,73,12,16647.41,2618.75,4253.15,2284.15
2026-03-21,Oklahoma City,Sales,58,6,5619.8,2245.28,3139.81,2606.22
2026-03-21,Oklahoma City,Operations,39,2,3087.87,2209.23,4922.98,2311.86
2026-03-21,Oklahoma City,Marketing,71,9,12710.68,3013.04,3891.38,1353.89
2026-03-22,Dallas-Fort Worth,Sales,76,16,19113.6,1649.51,4446.6,1947.62
2026-03-22,Dallas-Fort Worth,Operations,59,6,6203.45,2267.48,4752.67,2432.1
2026-03-22,Dallas-Fort Worth,Marketing,75,8,9353.69,2905.31,4039.99,2156.61
2026-03-22,Austin,Sales,65,13,18460.14,1578.82,3998.22,2112.8
2026-03-22,Austin,Operations,54,5,5573.0,2083.57,4794.8,1835.26
2026-03-22,Austin,Marketing,90,11,10787.32,3247.57,4276.93,2748.1
2026-03-22,College Station,Sales,48,6,6805.2,2404.84,4046.24,1053.15
2026-03-22,College Station,Operations,65,2,3095.72,2180.41,4763.25,2253.47
2026-03-22,College Station,Marketing,87,8,10267.48,3141.71,3449.52,2962.51
2026-03-22,Oklahoma City,Sales,30,5,4746.23,1718.05,3175.14,3473.14
2026-03-22,Oklahoma City,Operations,48,5,5443.42,2200.23,4693.91,1872.51
2026-03-22,Oklahoma City,Marketing,102,15,18726.21,4285.57,3220.2,1793.7
2026-03-23,Dallas-Fort Worth,Sales,45,9,9797.51,2335.61,3222.35,1292.67
2026-03-23,Dallas-Fort Worth,Operations,45,5,7073.08,2385.6,5219.85,2542.04
2026-03-23,Dallas-Fort Worth,Marketing,48,6,7241.62,3060.96,3200.46,2639.86
2026-03-23,Austin,Sales,68,16,18639.1,1441.77,4731.15,2039.79
2026-03-23,Austin,Operations,48,3,3826.86,2072.56,5506.15,2311.56
2026-03-23,Austin,Marketing,86,11,14218.48,3730.3,4111.48,2294.4
2026-03-23,College Station,Sales,48,9,9865.03,1733.55,3170.27,3266.46
2026-03-23,College Station,Operations,43,6,7930.39,2194.3,4976.23,2241.95
2026-03-23,College Station,Marketing,77,2,2124.88,3813.81,3110.25,2267.51
2026-03-23,Oklahoma City,Sales,86,12,13310.0,1686.57,2400.92,1765.87
2026-03-23,Oklahoma City,Operations,37,5,5777.61,840.37,5486.08,2686.05
2026-03-23,Oklahoma City,Marketing,75,11,14362.99,2788.53,3768.75,2292.35
2026-03-24,Dallas-Fort Worth,Sales,44,6,7640.54,2838.02,3577.63,2305.15
2026-03-24,Dallas-Fort Worth,Operations,42,4,4654.32,1630.47,4606.51,2175.67
2026-03-24,Dallas-Fort Worth,Marketing,73,11,17258.78,2857.4,3381.83,2416.79
2026-03-24,Austin,Sales,61,9,9875.24,2063.97,2617.0,3307.53
2026-03-24,Austin,Operations,58,6,7037.64,1316.97,6081.5,2158.05
2026-03-24,Austin,Marketing,74,13,18014.75,3112.51,3861.75,2033.92
2026-03-24,College Station,Sales,50,8,10028.3,2292.7,4786.52,1113.71
2026-03-24,College Station,Operations,82,12,14435.7,1606.48,3879.15,2797.21
2026-03-24,College Station,Marketing,66,9,10128.14,2468.42,3851.05,2443.17
2026-03-24,Oklahoma City,Sales,43,9,13724.77,2020.79,3858.84,1833.1
2026-03-24,Oklahoma City,Operations,42,4,4849.68,1805.29,4880.66,3445.87
2026-03-24,Oklahoma City,Marketing,86,7,6887.27,2417.65,2994.27,2489.36
2026-03-25,Dallas-Fort Worth,Sales,51,7,9142.93,2047.15,3822.84,2193.39
2026-03-25,Dallas-Fort Worth,Operations,54,3,2603.58,1437.11,4526.79,1790.53
2026-03-25,Dallas-Fort Worth,Marketing,77,7,6756.2,3153.7,3801.6,1953.73
2026-03-25,Austin,Sales,64,12,15241.2,1631.91,3848.08,2541.24
2026-03-25,Austin,Operations,31,4,4431.97,2092.78,3616.2,1982.93
2026-03-25,Austin,Marketing,59,6,7395.98,3383.14,3612.41,1573.73
2026-03-25,College Station,Sales,70,9,10255.18,1450.47,3238.48,1498.45
2026-03-25,College Station,Operations,68,9,10916.04,1735.05,4424.02,2144.96
2026-03-25,College Station,Marketing,69,8,10166.97,3088.79,3839.4,2491.8
2026-03-25,Oklahoma City,Sales,64,15,14145.24,1244.77,2870.1,2101.1
2026-03-25,Oklahoma City,Operations,35,3,4052.56,2128.16,5983.73,2626.82
2026-03-25,Oklahoma City,Marketing,92,9,10219.94,3595.49,4115.15,1241.82
2026-03-26,Dallas-Fort Worth,Sales,38,5,5226.02,2392.82,4683.55,2364.97
2026-03-26,Dallas-Fort Worth,Operations,59,11,14088.41,2051.57,5223.62,2387.16
2026-03-26,Dallas-Fort Worth,Marketing,96,13,15799.75,3023.09,3756.03,1368.66
2026-03-26,Austin,Sales,60,11,13835.16,1279.47,3881.23,2291.54
2026-03-26,Austin,Operations,54,7,7354.64,1144.63,5272.46,1099.12
2026-03-26,Austin,Marketing,87,16,20267.95,3584.16,4576.63,2722.1
2026-03-26,College Station,Sales,82,12,13662.97,2017.5,2631.05,2196.78
2026-03-26,College Station,Operations,55,9,12528.91,2144.82,5418.06,2230.69
2026-03-26,College Station,Marketing,83,12,16585.31,2876.43,3869.75,2162.34
2026-03-26,Oklahoma City,Sales,58,12,13858.63,1385.11,3053.4,1913.41
2026-03-26,Oklahoma City,Operations,62,7,7646.47,2147.75,5095.97,2550.29
2026-03-26,Oklahoma City,Marketing,106,19,23979.39,3352.51,4268.2,2838.95
2026-03-27,Dallas-Fort Worth,Sales,50,6,8131.98,1901.29,3966.11,2471.45
2026-03-27,Dallas-Fort Worth,Operations,46,4,5571.35,1727.3,4531.07,2062.31
2026-03-27,Dallas-Fort Worth,Marketing,84,8,12101.84,3565.56,2705.87,2314.77
2026-03-27,Austin,Sales,73,21,23420.44,1811.13,2786.19,2478.13
2026-03-27,Austin,Operations,60,7,7033.87,2151.57,6096.9,2879.35
2026-03-27,Austin,Marketing,84,9,12255.28,3136.51,2082.56,1341.08
2026-03-27,College Station,Sales,71,16,18838.86,1440.8,3419.83,1556.96
2026-03-27,College Station,Operations,51,9,9786.54,1442.52,4193.64,2302.86
2026-03-27,College Station,Marketing,68,9,10300.07,3956.59,3954.79,2438.51
2026-03-27,Oklahoma City,Sales,38,6,7528.08,1954.29,3813.24,2261.28
2026-03-27,Oklahoma City,Operations,40,1,999.09,2256.27,5480.2,2771.18
2026-03-27,Oklahoma City,Marketing,83,10,12031.1,2431.3,3706.9,1876.2
2026-03-28,Dallas-Fort Worth,Sales,47,6,7127.43,2211.82,4079.85,1714.6
2026-03-28,Dallas-Fort Worth,Operations,57,6,5027.9,2223.06,4611.82,2490.18
2026-03-28,Dallas-Fort Worth,Marketing,70,10,14247.12,3317.66,3925.88,1873.24
2026-03-28,Austin,Sales,51,7,9726.41,2333.86,3312.1,2218.95
2026-03-28,Austin,Operations,46,3,3322.04,1261.26,3835.7,2347.98
2026-03-28,Austin,Marketing,68,8,5772.7,3239.91,3184.73,1887.33
2026-03-28,College Station,Sales,65,11,13792.27,1824.06,3888.72,1804.22
2026-03-28,College Station,Operations,54,6,7965.62,1540.6,5451.99,2464.19
2026-03-28,College Station,Marketing,73,10,11281.41,2911.99,3119.62,1662.74
2026-03-28,Oklahoma City,Sales,58,10,11447.45,2184.35,4129.0,2254.88
2026-03-28,Oklahoma City,Operations,31,4,3389.67,1398.34,4903.5,2967.35
2026-03-28,Oklahoma City,Marketing,50,3,3213.68,3511.04,2620.73,1799.97
2026-03-29,Dallas-Fort Worth,Sales,69,14,15268.04,2256.22,3651.1,1746.57
2026-03-29,Dallas-Fort Worth,Operations,46,4,4023.33,2006.48,5605.98,1479.88
2026-03-29,Dallas-Fort Worth,Marketing,87,7,8308.55,3336.59,4208.3,2187.98
2026-03-29,Austin,Sales,57,13,19379.69,2273.92,4050.29,2454.09
2026-03-29,Austin,Operations,74,10,10779.83,1847.79,5246.49,1503.64
2026-03-29,Austin,Marketing,73,13,12939.32,3429.44,3787.83,2682.53
2026-03-29,College Station,Sales,45,6,7257.5,1516.99,4528.98,2290.9
2026-03-29,College Station,Operations,65,5,6531.19,2920.32,4967.05,1639.52
2026-03-29,College Station,Marketing,93,9,8712.7,2692.56,2890.9,2461.36
2026-03-29,Oklahoma City,Sales,44,6,6798.24,1991.63,4134.09,2816.43
2026-03-29,Oklahoma City,Operations,51,7,7407.9,2569.81,5372.09,2332.86
2026-03-29,Oklahoma City,Marketing,60,9,10042.11,2924.89,3107.47,1896.91
2026-03-30,Dallas-Fort Worth,Sales,60,11,13302.88,2642.94,2850.76,2343.03
2026-03-30,Dallas-Fort Worth,Operations,39,5,6516.03,1861.09,5303.67,2492.29
2026-03-30,Dallas-Fort Worth,Marketing,85,6,8147.65,3986.95,4274.23,2069.9
2026-03-30,Austin,Sales,78,14,19754.38,2107.23,4465.67,1403.91
2026-03-30,Austin,Operations,45,6,6941.85,1636.41,5902.31,1919.44
2026-03-30,Austin,Marketing,83,11,12751.87,2158.86,2483.1,2070.77
2026-03-30,College Station,Sales,81,12,14349.01,2735.04,3622.94,2454.65
2026-03-30,College Station,Operations,58,5,5227.9,1573.89,4995.5,1833.2
2026-03-30,College Station,Marketing,74,9,12743.27,4261.95,3173.19,2342.18
2026-03-30,Oklahoma City,Sales,43,6,5342.13,2576.99,3344.39,2679.86
2026-03-30,Oklahoma City,Operations,42,1,1507.48,1072.97,4379.74,2801.37
2026-03-30,Oklahoma City,Marketing,81,9,12962.59,3072.86,4080.56,1581.69
2026-03-31,Dallas-Fort Worth,Sales,72,11,13553.83,1476.72,3111.93,2060.09
2026-03-31,Dallas-Fort Worth,Operations,66,7,8645.09,1587.73,5794.33,1467.5
2026-03-31,Dallas-Fort Worth,Marketing,59,10,8109.69,3974.42,3590.93,2417.34
2026-03-31,Austin,Sales,58,9,11638.9,2716.82,4332.01,1843.84
2026-03-31,Austin,Operations,69,5,5803.49,1865.62,5746.22,1507.42
2026-03-31,Austin,Marketing,92,9,8145.64,3648.9,3350.16,1198.27
2026-03-31,College Station,Sales,64,7,7923.81,1293.08,3113.55,2744.49
2026-03-31,College Station,Operations,62,4,4637.69,1830.68,5813.88,2430.3
2026-03-31,College Station,Marketing,65,4,5278.03,3543.61,3239.56,1886.93
2026-03-31,Oklahoma City,Sales,61,11,7992.48,1677.87,4094.08,1457.93
2026-03-31,Oklahoma City,Operations,65,4,4967.21,1419.32,4030.94,2310.45
2026-03-31,Oklahoma City,Marketing,78,13,17545.99,2485.28,3796.79,2690.66
2026-04-01,Dallas-Fort Worth,Sales,65,15,23273.64,1482.05,3832.96,3400.67
2026-04-01,Dallas-Fort Worth,Operations,70,6,5553.24,1099.67,5393.62,2146.2
2026-04-01,Dallas-Fort Worth,Marketing,77,7,7315.95,3477.46,3583.47,2415.52
2026-04-01,Austin,Sales,35,8,11297.5,2281.78,2361.88,2645.26
2026-04-01,Austin,Operations,37,4,5637.2,2282.24,5435.74,3126.37
2026-04-01,Austin,Marketing,81,7,7734.93,3208.71,4103.26,1668.62
2026-04-01,College Station,Sales,64,11,12289.58,1379.72,3317.13,2352.68
2026-04-01,College Station,Operations,52,7,6369.41,1138.61,4377.84,2754.64
2026-04-01,College Station,Marketing,78,9,11758.76,3495.3,3279.63,1486.37
2026-04-01,Oklahoma City,Sales,50,6,7127.54,1455.07,3772.48,2298.05
2026-04-01,Oklahoma City,Operations,50,7,11974.44,969.76,6456.03,1713.61
2026-04-01,Oklahoma City,Marketing,63,5,6660.49,3297.1,3227.99,1910.13
2026-04-02,Dallas-Fort Worth,Sales,45,9,12832.95,1685.12,3192.4,2011.91
2026-04-02,Dallas-Fort Worth,Operations,27,3,3806.77,1633.85,4697.18,2760.61
2026-04-02,Dallas-Fort Worth,Marketing,83,11,14196.13,3264.48,4388.15,1515.21
2026-04-02,Austin,Sales,54,5,5621.59,2701.5,2829.23,1648.4
2026-04-02,Austin,Operations,54,8,10579.45,1555.33,6018.54,2171.0
2026-04-02,Austin,Marketing,93,16,16368.8,2527.29,3921.51,2293.09
2026-04-02,College Station,Sales,55,10,11819.2,2502.64,1793.61,2835.42
2026-04-02,College Station,Operations,58,6,6147.12,2354.55,4303.71,2254.12
2026-04-02,College Station,Marketing,93,5,6284.48,3339.85,3856.09,1967.45
2026-04-02,Oklahoma City,Sales,62,13,14897.04,2737.54,2918.15,1860.69
2026-04-02,Oklahoma City,Operations,69,7,7219.53,1599.06,5908.76,2596.93
2026-04-02,Oklahoma City,Marketing,68,3,4405.81,3310.52,3346.42,1746.21
2026-04-03,Dallas-Fort Worth,Sales,30,4,5016.23,1577.83,4587.29,2659.49
2026-04-03,Dallas-Fort Worth,Operations,47,4,5728.95,1632.12,6586.15,2248.24
2026-04-03,Dallas-Fort Worth,Marketing,63,3,3202.83,3850.43,3451.73,949.91
2026-04-03,Austin,Sales,47,7,10126.02,1994.66,3510.0,2351.47
2026-04-03,Austin,Operations,81,12,12798.46,2107.88,5679.16,3364.73
2026-04-03,Austin,Marketing,83,9,11379.38,2985.22,3690.54,1797.51
2026-04-03,College Station,Sales,55,7,9463.41,2159.36,2609.51,2573.57
2026-04-03,College Station,Operations,48,8,11046.29,2289.16,5354.67,1678.43
2026-04-03,College Station,Marketing,55,6,5825.43,3285.41,2707.04,2590.59
2026-04-03,Oklahoma City,Sales,61,8,8210.86,1990.76,4131.09,2314.93
2026-04-03,Oklahoma City,Operations,46,5,5796.23,1559.45,4154.79,2220.71
2026-04-03,Oklahoma City,Marketing,70,8,6700.12,3576.33,3263.02,2239.77
2026-04-04,Dallas-Fort Worth,Sales,73,17,22425.57,1340.5,3547.1,2350.03
2026-04-04,Dallas-Fort Worth,Operations,58,7,9433.68,2096.27,5731.38,2611.33
2026-04-04,Dallas-Fort Worth,Marketing,71,7,8384.11,3385.79,3304.95,2194.68
2026-04-04,Austin,Sales,51,8,10194.48,2209.45,4663.43,2711.33
2026-04-04,Austin,Operations,50,8,7540.16,1987.02,4664.54,1924.6
2026-04-04,Austin,Marketing,103,10,12442.78,3465.78,3584.76,1519.5
2026-04-04,College Station,Sales,58,9,10628.63,1789.56,3873.7,2405.4
2026-04-04,College Station,Operations,36,4,6070.16,941.55,4444.25,1855.06
2026-04-04,College Station,Marketing,56,3,3081.93,3717.03,3379.6,1733.6
2026-04-04,Oklahoma City,Sales,52,10,12873.64,1819.09,5184.97,2332.27
2026-04-04,Oklahoma City,Operations,60,6,6269.57,1276.0,4226.0,2475.33
2026-04-04,Oklahoma City,Marketing,81,7,7957.83,3676.65,3475.66,2217.09
2026-04-05,Dallas-Fort Worth,Sales,58,11,11702.66,691.39,2429.68,2376.6
2026-04-05,Dallas-Fort Worth,Operations,48,5,4454.54,1439.75,5071.62,2219.77
2026-04-05,Dallas-Fort Worth,Marketing,67,5,7734.34,3087.61,3534.5,1529.19
2026-04-05,Austin,Sales,45,7,6950.59,1840.75,2906.28,1827.81
2026-04-05,Austin,Operations,45,2,1831.8,1854.1,4381.66,2107.37
2026-04-05,Austin,Marketing,78,10,13462.39,2908.52,2908.67,2297.42
2026-04-05,College Station,Sales,65,10,11880.47,1712.69,3507.26,2517.41
2026-04-05,College Station,Operations,50,7,8922.09,2767.62,4567.2,2775.06
2026-04-05,College Station,Marketing,89,6,7811.35,3475.25,3234.53,969.46
2026-04-05,Oklahoma City,Sales,63,8,9351.71,1001.42,3956.04,1282.05
2026-04-05,Oklahoma City,Operations,47,4,4795.0,1132.62,5275.64,2441.84
2026-04-05,Oklahoma City,Marketing,75,8,5635.66,3922.35,3463.95,2523.49
2026-04-06,Dallas-Fort Worth,Sales,57,10,13239.82,1512.24,4211.48,2987.61
2026-04-06,Dallas-Fort Worth,Operations,57,6,8255.74,1986.0,4775.01,2029.26
2026-04-06,Dallas-Fort Worth,Marketing,81,11,12202.83,3555.51,4777.52,2496.33
2026-04-06,Austin,Sales,54,10,11204.14,1296.22,3144.8,1515.25
2026-04-06,Austin,Operations,66,6,5201.47,2029.86,5217.67,2351.86
2026-04-06,Austin,Marketing,63,5,7585.75,2927.89,3873.41,2261.51
2026-04-06,College Station,Sales,38,4,5156.72,1660.44,3430.59,2720.9
2026-04-06,College Station,Operations,35,4,5643.41,2179.42,4834.39,2434.67
2026-04-06,College Station,Marketing,87,7,6538.12,3589.04,3632.13,3109.62
2026-04-06,Oklahoma City,Sales,47,10,13494.29,2021.67,3617.27,1727.31
2026-04-06,Oklahoma City,Operations,51,5,6020.76,1329.14,5147.51,3091.09
2026-04-06,Oklahoma City,Marketing,69,9,7736.93,3425.58,3757.29,1744.64
2026-04-07,Dallas-Fort Worth,Sales,61,11,16780.21,1850.93,3836.89,2127.02
2026-04-07,Dallas-Fort Worth,Operations,41,8,9862.97,1937.62,5050.89,1466.61
2026-04-07,Dallas-Fort Worth,Marketing,63,3,4313.35,3425.95,3398.84,1484.57
2026-04-07,Austin,Sales,45,7,3764.96,2192.81,3117.58,2059.22
2026-04-07,Austin,Operations,53,2,2691.31,1818.09,3670.5,2004.54
2026-04-07,Austin,Marketing,75,6,7576.74,3742.0,3808.0,1494.46
2026-04-07,College Station,Sales,46,5,6180.54,1350.79,3765.27,2600.58
2026-04-07,College Station,Operations,65,8,9231.67,1070.34,6308.76,3304.51
2026-04-07,College Station,Marketing,78,10,9929.66,3025.38,3615.68,1905.0
2026-04-07,Oklahoma City,Sales,76,14,15234.59,1616.37,3746.09,1404.12
2026-04-07,Oklahoma City,Operations,60,7,9532.08,1959.92,4608.04,1865.1
2026-04-07,Oklahoma City,Marketing,96,12,15686.75,3467.23,3545.63,1652.52
2026-04-08,Dallas-Fort Worth,Sales,76,13,18614.53,1759.87,4264.34,1766.88
2026-04-08,Dallas-Fort Worth,Operations,39,4,4452.67,2097.46,5206.11,1426.78
2026-04-08,Dallas-Fort Worth,Marketing,71,5,5326.25,3158.16,3227.46,2783.26
2026-04-08,Austin,Sales,60,9,12885.72,2209.84,3717.39,2017.84
2026-04-08,Austin,Operations,78,11,11071.47,1872.72,4500.32,2647.38
2026-04-08,Austin,Marketing,67,6,6533.0,3416.18,2970.36,2203.87
2026-04-08,College Station,Sales,29,6,4299.46,1879.54,3749.86,1950.3
2026-04-08,College Station,Operations,68,10,13931.98,2310.37,5196.43,2010.21
2026-04-08,College Station,Marketing,83,13,15476.3,2119.58,2592.96,3101.2
2026-04-08,Oklahoma City,Sales,45,7,9590.09,2203.51,3935.12,2272.23
2026-04-08,Oklahoma City,Operations,29,5,5659.01,2290.32,5085.06,1932.36
2026-04-08,Oklahoma City,Marketing,76,8,11977.32,2618.13,3838.09,3103.11
2026-04-09,Dallas-Fort Worth,Sales,48,8,7908.92,2540.5,2919.84,2522.94
2026-04-09,Dallas-Fort Worth,Operations,31,2,2480.01,1298.86,4846.78,1529.9
2026-04-09,Dallas-Fort Worth,Marketing,81,6,6054.57,3319.55,2457.35,2515.52
2026-04-09,Austin,Sales,45,10,11054.34,1403.08,3664.84,2698.67
2026-04-09,Austin,Operations,25,2,2852.75,1332.07,4268.24,1404.43
2026-04-09,Austin,Marketing,75,5,6403.51,2523.97,3313.96,2103.81
2026-04-09,College Station,Sales,47,8,8212.8,1399.51,4337.15,2411.93
2026-04-09,College Station,Operations,60,9,11453.9,1662.48,5347.74,2077.15
2026-04-09,College Station,Marketing,100,12,14500.02,3903.44,4094.93,1848.44
2026-04-09,Oklahoma City,Sales,60,8,9243.66,1879.0,3684.22,2117.27
2026-04-09,Oklahoma City,Operations,43,5,6499.98,1496.45,4986.65,2446.49
2026-04-09,Oklahoma City,Marketing,85,11,14139.61,3471.88,4034.32,2428.51
2026-04-10,Dallas-Fort Worth,Sales,48,9,9718.89,1537.0,3805.31,2229.5
2026-04-10,Dallas-Fort Worth,Operations,46,6,6383.75,2007.47,4201.73,2860.95
2026-04-10,Dallas-Fort Worth,Marketing,85,11,13235.25,2602.4,2598.45,2236.84
2026-04-10,Austin,Sales,50,9,12481.58,1987.09,3023.98,2517.14
2026-04-10,Austin,Operations,47,6,7845.63,1566.28,5876.1,2029.44
2026-04-10,Austin,Marketing,80,13,16037.73,2825.77,3390.7,2315.76
2026-04-10,College Station,Sales,49,7,9593.42,1712.88,4642.84,2119.55
2026-04-10,College Station,Operations,42,4,5470.44,1539.56,5670.72,2203.52
2026-04-10,College Station,Marketing,84,7,8440.89,3197.41,4229.17,1967.25
2026-04-10,Oklahoma City,Sales,36,5,5388.94,2086.36,3063.25,1710.25
2026-04-10,Oklahoma City,Operations,51,6,7105.61,1222.25,4811.73,2676.34
2026-04-10,Oklahoma City,Marketing,84,11,11696.81,3073.41,2850.26,2484.64
2026-04-11,Dallas-Fort Worth,Sales,65,11,12449.51,1424.75,3528.47,3033.67
2026-04-11,Dallas-Fort Worth,Operations,46,5,6818.21,1756.19,4214.06,2369.04
2026-04-11,Dallas-Fort Worth,Marketing,98,12,14316.23,3177.08,2322.38,2358.16
2026-04-11,Austin,Sales,49,7,9954.03,1370.99,3658.35,1580.43
2026-04-11,Austin,Operations,59,4,4959.54,1852.81,5441.61,1550.88
2026-04-11,Austin,Marketing,74,6,7978.1,2421.19,3364.85,2443.13
2026-04-11,College Station,Sales,57,7,9802.45,1826.56,4199.17,1988.56
2026-04-11,College Station,Operations,55,6,6726.53,2795.56,4836.69,2369.17
2026-04-11,College Station,Marketing,72,7,8215.07,2877.92,3030.6,2218.47
2026-04-11,Oklahoma City,Sales,50,12,14004.84,1502.98,3969.91,3074.93
2026-04-11,Oklahoma City,Operations,35,5,5046.95,1579.04,4165.1,1965.28
2026-04-11,Oklahoma City,Marketing,63,6,6835.7,3134.16,3752.4,2332.29
2026-04-12,Dallas-Fort Worth,Sales,54,12,14762.75,2342.36,3678.82,1880.33
2026-04-12,Dallas-Fort Worth,Operations,38,1,1122.12,1279.98,4985.89,2840.69
2026-04-12,Dallas-Fort Worth,Marketing,52,7,6491.27,2365.72,4943.44,2578.3
2026-04-12,Austin,Sales,20,4,4636.44,2471.74,3044.16,2298.7
2026-04-12,Austin,Operations,56,2,2446.26,2158.52,4425.94,2462.75
2026-04-12,Austin,Marketing,87,10,14041.48,3488.18,4568.81,2329.8
2026-04-12,College Station,Sales,67,11,14540.53,1953.89,3864.98,2570.62
2026-04-12,College Station,Operations,51,5,4377.73,1902.64,4296.47,1814.73
2026-04-12,College Station,Marketing,75,10,13034.86,3408.18,3491.58,2340.79
2026-04-12,Oklahoma City,Sales,44,10,14918.73,1529.75,2854.72,1619.96
2026-04-12,Oklahoma City,Operations,43,3,3764.14,1881.52,5508.81,2290.16
2026-04-12,Oklahoma City,Marketing,82,8,11846.87,3924.89,3125.22,2351.16
2026-04-13,Dallas-Fort Worth,Sales,51,8,8789.73,1282.6,3436.22,2670.71
2026-04-13,Dallas-Fort Worth,Operations,71,10,12257.93,2405.4,4952.92,2138.42
2026-04-13,Dallas-Fort Worth,Marketing,64,10,13822.75,2771.75,2845.63,3195.88
2026-04-13,Austin,Sales,57,8,9155.77,2059.45,4244.69,2604.38
2026-04-13,Austin,Operations,74,10,12814.88,2350.77,4699.83,1907.63
2026-04-13,Austin,Marketing,63,9,9663.21,3314.53,3661.72,2031.02
2026-04-13,College Station,Sales,50,10,14920.23,1611.29,3131.76,3164.43
2026-04-13,College Station,Operations,56,5,5702.77,2184.68,4948.09,2246.75
2026-04-13,College Station,Marketing,64,5,7001.88,3388.63,4205.35,1349.14
2026-04-13,Oklahoma City,Sales,48,9,11886.94,2736.68,3720.54,1754.08
2026-04-13,Oklahoma City,Operations,45,3,4326.07,1730.98,4615.13,2773.58
2026-04-13,Oklahoma City,Marketing,96,10,11065.58,3330.93,2584.62,2449.86
2026-04-14,Dallas-Fort Worth,Sales,63,11,14606.25,1807.43,3703.74,2893.9
2026-04-14,Dallas-Fort Worth,Operations,56,9,12189.89,1681.46,4974.67,1861.68
2026-04-14,Dallas-Fort Worth,Marketing,94,20,23082.81,3333.7,3891.58,2246.38
2026-04-14,Austin,Sales,53,10,9367.93,1407.01,3741.73,2233.43
2026-04-14,Austin,Operations,57,8,11324.33,1327.23,4591.9,2737.24
2026-04-14,Austin,Marketing,81,10,14179.88,2374.68,4494.76,2298.93
2026-04-14,College Station,Sales,39,8,12189.25,2477.72,3449.18,2548.6
2026-04-14,College Station,Operations,61,4,6645.12,1353.13,6239.48,2185.04
2026-04-14,College Station,Marketing,83,9,13065.41,4005.31,3708.96,1886.7
2026-04-14,Oklahoma City,Sales,46,9,7193.11,1076.39,3606.32,2353.69
2026-04-14,Oklahoma City,Operations,49,5,4450.25,1624.4,4906.91,2346.11
2026-04-14,Oklahoma City,Marketing,86,4,5926.74,2249.74,3909.81,1974.78
2026-04-15,Dallas-Fort Worth,Sales,66,13,15156.8,1658.93,2600.51,2154.88
2026-04-15,Dallas-Fort Worth,Operations,46,4,3995.61,1804.46,4746.79,2635.41
2026-04-15,Dallas-Fort Worth,Marketing,73,4,4231.16,3211.64,2501.09,2857.05
2026-04-15,Austin,Sales,52,9,11007.68,2097.6,3993.15,1819.65
2026-04-15,Austin,Operations,46,8,6561.75,1343.19,4466.45,2649.64
2026-04-15,Austin,Marketing,83,10,10425.36,3343.11,3019.94,1918.36
2026-04-15,College Station,Sales,45,6,6115.36,1893.44,3775.95,1788.73
2026-04-15,College Station,Operations,49,6,7358.11,2444.59,4842.47,2360.54
2026-04-15,College Station,Marketing,87,7,7029.43,2579.85,3844.58,2098.73
2026-04-15,Oklahoma City,Sales,58,10,12365.91,2083.39,3356.67,2573.05
2026-04-15,Oklahoma City,Operations,62,4,4627.59,2495.48,7153.31,2177.4
2026-04-15,Oklahoma City,Marketing,80,5,6100.42,5704.52,3258.85,3084.89
2026-04-16,Dallas-Fort Worth,Sales,57,8,8026.26,2130.81,3219.93,1732.01
2026-04-16,Dallas-Fort Worth,Operations,34,3,3921.5,2165.27,5144.15,3022.8
2026-04-16,Dallas-Fort Worth,Marketing,65,8,10143.34,2461.65,3485.28,1652.05
2026-04-16,Austin,Sales,57,8,10539.99,2513.56,3467.78,1875.26
2026-04-16,Austin,Operations,40,5,5166.18,2218.48,5995.04,3064.81
2026-04-16,Austin,Marketing,101,12,15394.54,2846.1,2802.34,2570.08
2026-04-16,College Station,Sales,37,7,7311.69,1706.42,4641.38,2327.63
2026-04-16,College Station,Operations,61,6,8124.51,1681.86,4441.1,1705.03
2026-04-16,College Station,Marketing,61,4,5282.87,3162.21,3026.41,2592.22
2026-04-16,Oklahoma City,Sales,57,11,11233.61,1591.36,3809.5,2064.13
2026-04-16,Oklahoma City,Operations,67,9,13225.98,1937.61,4615.26,2222.98
2026-04-16,Oklahoma City,Marketing,107,16,18757.57,3520.43,3477.02,2039.47
2026-04-17,Dallas-Fort Worth,Sales,68,13,17787.47,2586.43,3302.87,2355.26
2026-04-17,Dallas-Fort Worth,Operations,66,9,10194.2,1823.14,6154.77,1921.06
2026-04-17,Dallas-Fort Worth,Marketing,85,11,10364.3,3492.45,2793.87,2307.35
2026-04-17,Austin,Sales,69,11,10191.46,1789.37,3588.33,2260.34
2026-04-17,Austin,Operations,57,7,6555.83,2283.37,3699.72,2022.4
2026-04-17,Austin,Marketing,89,8,7509.8,2861.31,3307.89,3202.51
2026-04-17,College Station,Sales,37,7,8147.33,1432.8,2770.88,1605.92
2026-04-17,College Station,Operations,59,8,11493.59,1369.87,3726.79,2487.91
2026-04-17,College Station,Marketing,86,13,11168.83,3873.51,3678.5,3208.92
2026-04-17,Oklahoma City,Sales,52,11,12052.62,2767.78,3291.95,1441.77
2026-04-17,Oklahoma City,Operations,57,9,12852.95,1772.71,5239.33,2194.13
2026-04-17,Oklahoma City,Marketing,96,15,16641.0,3637.62,3587.61,2793.77
2026-04-18,Dallas-Fort Worth,Sales,50,9,9878.42,1096.09,2871.02,2762.22
2026-04-18,Dallas-Fort Worth,Operations,62,5,6443.21,1814.97,5463.32,1978.61
2026-04-18,Dallas-Fort Worth,Marketing,79,6,8438.58,3435.9,3671.09,3422.51
2026-04-18,Austin,Sales,69,15,18898.5,1569.08,3874.4,2226.07
2026-04-18,Austin,Operations,50,8,9152.12,1914.53,5076.97,1450.65
2026-04-18,Austin,Marketing,86,12,14518.89,3316.54,3409.99,1889.02
2026-04-18,College Station,Sales,47,5,6485.6,1203.38,3332.0,1157.56
2026-04-18,College Station,Operations,47,6,7298.84,1814.08,5143.75,1354.86
2026-04-18,College Station,Marketing,90,9,10851.02,3396.5,2007.12,2911.57
2026-04-18,Oklahoma City,Sales,50,9,10242.44,1522.63,4391.44,1598.25
2026-04-18,Oklahoma City,Operations,58,5,6464.55,2204.55,5416.45,2478.69
2026-04-18,Oklahoma City,Marketing,72,8,10078.81,3741.86,3882.32,2105.01
2026-04-19,Dallas-Fort Worth,Sales,57,12,15411.51,2204.87,3359.14,2654.09
2026-04-19,Dallas-Fort Worth,Operations,50,6,7822.23,1201.75,4847.69,2336.91
2026-04-19,Dallas-Fort Worth,Marketing,81,12,9382.2,2451.78,4196.68,2569.99
2026-04-19,Austin,Sales,78,13,18402.02,2801.81,2228.72,1371.21
2026-04-19,Austin,Operations,49,3,4418.22,1680.41,4579.85,2817.92
2026-04-19,Austin,Marketing,87,8,10584.01,2785.34,3181.23,2789.19
2026-04-19,College Station,Sales,44,7,7818.46,1547.03,2072.74,1420.42
2026-04-19,College Station,Operations,56,9,11909.72,1566.37,4923.4,1361.09
2026-04-19,College Station,Marketing,76,8,8748.4,3467.72,3835.03,2475.61
2026-04-19,Oklahoma City,Sales,81,16,13523.73,1171.86,3563.87,1754.63
2026-04-19,Oklahoma City,Operations,51,8,9715.09,1255.3,5858.5,2098.49
2026-04-19,Oklahoma City,Marketing,79,10,12923.79,2868.9,3636.37,2821.77
2026-04-20,Dallas-Fort Worth,Sales,69,10,12028.66,2486.17,3443.6,1528.18
2026-04-20,Dallas-Fort Worth,Operations,47,6,7088.81,1817.55,5156.32,2061.05
2026-04-20,Dallas-Fort Worth,Marketing,86,14,17873.05,3436.22,4274.12,2565.28
2026-04-20,Austin,Sales,68,7,8443.67,1980.88,3518.88,1773.36
2026-04-20,Austin,Operations,53,4,5042.96,2104.79,4855.84,2731.9
2026-04-20,Austin,Marketing,73,7,8500.52,3019.76,4195.76,2113.53
2026-04-20,College Station,Sales,61,12,10882.07,1775.62,3671.98,1276.58
2026-04-20,College Station,Operations,55,6,5642.59,2398.58,5075.3,1073.68
2026-04-20,College Station,Marketing,74,8,9437.62,2856.64,2957.45,2324.46
2026-04-20,Oklahoma City,Sales,43,9,11590.02,1906.55,3258.58,2255.65
2026-04-20,Oklahoma City,Operations,55,6,5463.77,1796.82,3633.89,2261.19
2026-04-20,Oklahoma City,Marketing,109,9,9487.11,3573.29,3094.53,1683.94
2026-04-21,Dallas-Fort Worth,Sales,52,9,12207.06,1590.23,3238.71,2068.35
2026-04-21,Dallas-Fort Worth,Operations,46,6,8677.26,1425.92,4306.38,2165.06
2026-04-21,Dallas-Fort Worth,Marketing,73,5,4800.69,2364.68,3559.79,1828.99
2026-04-21,Austin,Sales,76,14,7823.84,1304.46,3320.02,1518.93
2026-04-21,Austin,Operations,54,8,9137.02,1487.11,3816.52,1462.9
2026-04-21,Austin,Marketing,81,9,11106.09,2558.5,4123.62,1948.86
2026-04-21,College Station,Sales,32,4,4337.36,1766.17,2600.71,2637.94
2026-04-21,College Station,Operations,54,8,11667.47,1666.98,4618.58,2488.17
2026-04-21,College Station,Marketing,59,9,10702.18,3007.76,2918.73,1546.33
2026-04-21,Oklahoma City,Sales,51,10,11966.88,762.2,3187.28,2456.65
2026-04-21,Oklahoma City,Operations,77,8,10147.93,1801.7,4757.72,1624.31
2026-04-21,Oklahoma City,Marketing,68,4,5133.66,3582.93,3486.5,1881.58
2026-04-22,Dallas-Fort Worth,Sales,67,17,15051.95,2051.94,3682.32,2360.28
2026-04-22,Dallas-Fort Worth,Operations,63,10,11772.03,2768.82,4292.14,2580.66
2026-04-22,Dallas-Fort Worth,Marketing,62,4,5101.62,3523.97,3252.66,2479.69
2026-04-22,Austin,Sales,46,10,9335.28,1893.12,3771.66,2305.05
2026-04-22,Austin,Operations,55,6,4419.2,1139.63,5598.46,2547.43
2026-04-22,Austin,Marketing,96,11,16540.43,3137.35,4218.51,1965.83
2026-04-22,College Station,Sales,48,10,9396.69,2486.24,4705.5,2196.79
2026-04-22,College Station,Operations,71,7,8087.56,1906.87,4667.99,2551.97
2026-04-22,College Station,Marketing,90,12,13292.1,2514.51,3850.11,2023.05
2026-04-22,Oklahoma City,Sales,35,4,4594.53,2485.66,3828.62,1760.14
2026-04-22,Oklahoma City,Operations,42,3,3049.25,1872.1,5667.48,3553.32
2026-04-22,Oklahoma City,Marketing,101,10,13691.9,3244.36,4644.58,2457.38
2026-04-23,Dallas-Fort Worth,Sales,49,10,10574.46,1517.18,3412.12,2066.12
2026-04-23,Dallas-Fort Worth,Operations,30,4,6722.57,1242.33,5811.78,1351.25
2026-04-23,Dallas-Fort Worth,Marketing,79,7,8636.94,3435.4,2824.64,2118.15
2026-04-23,Austin,Sales,63,9,12808.0,2378.2,3315.53,2909.08
2026-04-23,Austin,Operations,31,3,3889.13,2225.85,5660.98,2689.8
2026-04-23,Austin,Marketing,80,11,13259.41,2539.37,4142.47,2484.63
2026-04-23,College Station,Sales,53,8,12403.69,1380.75,3643.31,1849.05
2026-04-23,College Station,Operations,54,8,10190.27,1661.52,5488.06,2665.78
2026-04-23,College Station,Marketing,79,8,8555.76,2348.01,4530.57,1845.63
2026-04-23,Oklahoma City,Sales,41,6,5970.6,2299.47,3548.33,1711.64
2026-04-23,Oklahoma City,Operations,45,3,4207.25,1157.18,5049.22,2444.52
2026-04-23,Oklahoma City,Marketing,84,10,11749.51,2143.07,3589.92,1951.73
2026-04-24,Dallas-Fort Worth,Sales,39,8,11410.64,1632.02,3814.45,2201.88
2026-04-24,Dallas-Fort Worth,Operations,32,3,4070.14,1750.13,4401.48,2765.56
2026-04-24,Dallas-Fort Worth,Marketing,84,6,6585.28,3009.9,3009.69,2580.03
2026-04-24,Austin,Sales,48,8,12169.06,1498.88,2938.14,2200.58
2026-04-24,Austin,Operations,49,5,5179.46,1102.77,4763.81,1553.47
2026-04-24,Austin,Marketing,66,14,22906.04,4269.52,3415.34,1650.79
2026-04-24,College Station,Sales,61,8,9202.1,1380.48,4136.33,2146.8
2026-04-24,College Station,Operations,58,5,5821.51,984.2,4939.55,2043.6
2026-04-24,College Station,Marketing,84,8,8168.37,3235.2,4476.2,2128.15
2026-04-24,Oklahoma City,Sales,76,7,7308.28,1678.86,2800.25,830.92
2026-04-24,Oklahoma City,Operations,55,4,4221.62,1736.1,4869.32,1889.11
2026-04-24,Oklahoma City,Marketing,87,8,11236.81,3750.91,2650.44,1762.49
2026-04-25,Dallas-Fort Worth,Sales,66,8,8769.45,1870.95,4201.03,2786.88
2026-04-25,Dallas-Fort Worth,Operations,53,7,8816.26,2532.62,4992.51,2132.56
2026-04-25,Dallas-Fort Worth,Marketing,77,5,4829.35,1989.49,4482.2,3180.51
2026-04-25,Austin,Sales,34,7,8906.11,1709.31,3972.61,2149.14
2026-04-25,Austin,Operations,86,13,13756.34,1311.37,5827.41,2067.24
2026-04-25,Austin,Marketing,77,9,10907.74,3720.31,3033.28,1049.96
2026-04-25,College Station,Sales,48,7,7597.4,1051.47,3034.28,1472.2
2026-04-25,College Station,Operations,66,5,5793.35,2446.7,4796.07,2387.18
2026-04-25,College Station,Marketing,92,12,13140.41,2731.13,4374.55,2294.04
2026-04-25,Oklahoma City,Sales,46,7,8334.67,1000.01,3889.65,2722.25
2026-04-25,Oklahoma City,Operations,47,4,4503.09,1710.64,6210.18,2625.16
2026-04-25,Oklahoma City,Marketing,82,8,9710.67,3117.05,2901.69,1986.11
2026-04-26,Dallas-Fort Worth,Sales,60,8,7704.37,1729.32,3360.61,1339.37
2026-04-26,Dallas-Fort Worth,Operations,69,11,17329.2,1594.44,5342.34,2812.89
2026-04-26,Dallas-Fort Worth,Marketing,86,13,15974.22,2980.92,3881.35,2445.98
2026-04-26,Austin,Sales,63,13,15971.76,1703.46,4307.06,2125.3
2026-04-26,Austin,Operations,45,6,4895.32,2304.19,5507.37,2200.23
2026-04-26,Austin,Marketing,93,9,11286.41,2553.73,2859.52,2422.51
2026-04-26,College Station,Sales,50,6,8202.37,1763.22,3200.02,2118.4
2026-04-26,College Station,Operations,73,11,13303.48,2089.53,4651.4,3099.65
2026-04-26,College Station,Marketing,95,10,12359.53,3614.82,4178.92,2704.08
2026-04-26,Oklahoma City,Sales,63,12,10958.17,2458.4,3397.55,2322.48
2026-04-26,Oklahoma City,Operations,54,8,8990.49,1275.95,5880.4,2548.39
2026-04-26,Oklahoma City,Marketing,98,11,13873.83,3606.26,2988.39,1426.02
2026-04-27,Dallas-Fort Worth,Sales,45,7,10644.72,2955.92,3474.3,2246.41
2026-04-27,Dallas-Fort Worth,Operations,51,5,6307.95,1953.24,4788.51,2144.73
2026-04-27,Dallas-Fort Worth,Marketing,72,6,6767.69,3511.16,3891.57,1937.5
2026-04-27,Austin,Sales,66,12,16466.72,1714.42,4680.83,2898.67
2026-04-27,Austin,Operations,63,10,10837.82,2583.01,4265.34,2239.99
2026-04-27,Austin,Marketing,72,3,2899.9,3004.17,3892.32,2014.87
2026-04-27,College Station,Sales,66,11,11366.95,2411.58,4324.16,2077.0
2026-04-27,College Station,Operations,35,2,2213.9,1834.06,5719.04,2235.8
2026-04-27,College Station,Marketing,83,11,10863.01,3706.35,4511.95,2462.14
2026-04-27,Oklahoma City,Sales,73,12,14416.52,2416.44,3497.66,1893.65
2026-04-27,Oklahoma City,Operations,76,8,8443.23,1794.94,3714.41,2722.63
2026-04-27,Oklahoma City,Marketing,96,7,7554.06,4036.08,4179.81,2034.42
2026-04-28,Dallas-Fort Worth,Sales,52,10,14556.96,2148.68,3939.05,2098.01
2026-04-28,Dallas-Fort Worth,Operations,73,10,10022.76,1624.98,6081.32,1291.54
2026-04-28,Dallas-Fort Worth,Marketing,67,9,10577.13,2689.37,1497.92,2034.28
2026-04-28,Austin,Sales,69,10,9935.3,2148.56,4441.55,1760.41
2026-04-28,Austin,Operations,50,3,3599.16,1463.24,4898.12,975.49
2026-04-28,Austin,Marketing,90,4,3828.38,3091.61,2388.55,1392.52
2026-04-28,College Station,Sales,43,4,4291.44,1752.69,4622.05,2634.79
2026-04-28,College Station,Operations,25,2,2089.16,2005.03,4794.26,2375.19
2026-04-28,College Station,Marketing,87,9,8120.28,3013.26,3973.42,2484.46
2026-04-28,Oklahoma City,Sales,52,10,11824.5,1217.94,3703.87,2617.49
2026-04-28,Oklahoma City,Operations,70,6,7332.88,1692.56,4190.21,2359.52
2026-04-28,Oklahoma City,Marketing,68,8,8638.75,2933.38,3562.95,2240.38
2026-04-29,Dallas-Fort Worth,Sales,60,9,10342.75,1964.74,3347.81,2210.51
2026-04-29,Dallas-Fort Worth,Operations,48,5,6741.07,2165.18,5490.24,2806.29
2026-04-29,Dallas-Fort Worth,Marketing,81,12,13703.87,3653.26,4053.09,3031.8
2026-04-29,Austin,Sales,65,13,16340.29,1573.66,3211.69,2624.07
2026-04-29,Austin,Operations,39,6,7422.8,2076.6,5581.94,2325.35
2026-04-29,Austin,Marketing,79,3,3792.15,3453.42,2719.85,2295.96
2026-04-29,College Station,Sales,53,11,9823.3,1549.99,3481.77,1767.88
2026-04-29,College Station,Operations,57,2,1583.68,1788.08,5328.66,1786.25
2026-04-29,College Station,Marketing,84,10,13037.44,3234.67,2575.29,2200.0
2026-04-29,Oklahoma City,Sales,56,13,12094.63,2831.3,3549.47,1667.93
2026-04-29,Oklahoma City,Operations,51,8,9674.36,1461.24,5412.83,2689.48
2026-04-29,Oklahoma City,Marketing,80,14,22121.63,2110.66,3618.49,3126.75
2026-04-30,Dallas-Fort Worth,Sales,60,13,16937.81,1149.64,3220.66,2195.36
2026-04-30,Dallas-Fort Worth,Operations,71,8,8909.99,1557.03,5113.11,2303.32
2026-04-30,Dallas-Fort Worth,Marketing,107,12,11724.53,3478.28,3763.23,2287.45
2026-04-30,Austin,Sales,46,9,10013.37,1557.39,3246.77,2689.43
2026-04-30,Austin,Operations,37,4,4609.22,2135.89,4893.54,2656.41
2026-04-30,Austin,Marketing,70,9,11247.37,3238.28,4538.84,2465.84
2026-04-30,College Station,Sales,58,12,15235.41,1687.21,4181.41,3316.55
2026-04-30,College Station,Operations,48,6,7346.95,1842.68,3868.53,1882.01
2026-04-30,College Station,Marketing,70,11,10984.65,3797.94,3031.13,2113.08
2026-04-30,Oklahoma City,Sales,50,8,7355.4,2425.88,4274.46,2802.19
2026-04-30,Oklahoma City,Operations,66,10,14234.31,1456.14,5342.59,2926.85
2026-04-30,Oklahoma City,Marketing,84,9,9378.52,3081.02,3320.18,706.43
